01CYBATON;-3.43;-5.12;102.67;155.03;637.86;-53.86;78.54;1.02;77.99;33.85
06MAGNA;0.46;3.79;9.50;4.29;20.99;-51.44;-2.83;0.47;-20.94;30.63
EUROTAX;-0.80;8.77;5.98;7.83;-70.89;-76.74;14.64;4.54;17.81;6.25
EUROTEL;1.48;-11.08;-20.86;-24.19;-35.33;-15.58;7.83;1.05;4.98;40.48
11BIT;1.98;-14.17;-7.71;20.47;17.18;-20.40;22.54;2.89;16.32;22.95
EXAMOBILE;7.53;20.19;61.29;127.27;390.20;-;122.04;20.12;133.14;7.32
EXILLON;6.22;9.33;13.42;-12.77;31.83;-;41.85;2.33;21.31;1324.39
2CPARTNER;-17.81;-6.74;-;-;-;-;20.54;4.47;10.15;23.58
EZO;-2.23;-4.02;-11.76;29.63;33.25;-59.46;-6.61;3.48;-9.21;22.35
4FUNMEDIA;-5.37;-17.24;-22.59;-55.08;-57.34;-34.21;4.99;1.00;2.89;35.39
5THAVENUE;4.96;-13.95;-12.43;-4.52;-14.45;-;2.56;1.13;2.57;28.21
ABCDATA;-0.23;15.59;14.67;14.36;41.45;72.00;9.67;1.65;7.06;532.38
ABMSOLID;5.08;10.71;-11.43;-21.52;63.16;-91.50;15.46;-0.03;1.06;4.76
ABPL;-1.36;2.50;-6.40;-7.91;40.99;30.38;9.42;1.07;5.50;470.25
ABPOL;3.01;-0.72;-16.97;-26.34;15.13;-;30.57;0.89;19.23;5.14
ABSINVEST;4.52;14.91;8.82;8.82;-7.50;-42.19;6.55;0.65;507.59;14.72
ACAUTOGAZ;-2.64;-6.78;-2.39;-15.48;18.97;-;12.47;3.33;8.64;333.42
ACE;-0.83;12.89;3.90;-11.96;56.45;85.76;132.58;6.81;24.72;256.68
ACREBIT;-0.98;9.73;4.64;-1.46;20.83;-;31.12;2.45;19.63;5.63
ACTION;-0.86;-5.69;-11.19;-14.04;16.57;145.28;11.49;2.35;7.75;707.59
ADFORM;-0.11;-0.11;-2.33;-3.19;-7.47;-;117.37;3.38;26.75;24.18
ADMIRAL;-3.77;-20.31;-34.62;-39.29;-58.54;-48.48;15.12;0.98;4.60;34.48
FABRFORMY;1.14;-2.20;3.49;5.95;106.98;64.81;176.89;2.34;10.12;23.35
FABRYKAKD;-1.35;-2.67;-23.16;46.00;1.39;-;8.38;1.91;4.06;6.35
FACHOWCY;-9.52;-9.52;-13.64;-9.52;137.50;-;148.09;1.05;14.07;9.92
FACPU14;-0.20;-4.56;-5.80;-10.38;-;-;148.09;1.05;14.07;9.92
AEDES;-9.59;-14.29;3.13;10.00;-9.59;-;9.19;0.68;4.30;3.84
AFHOL;-12.38;41.54;130.00;268.00;250.48;-;-5.54;-11.79;-8.23;24.19
AGORA;-3.46;-14.65;-23.22;-15.09;8.29;-49.02;-52.40;0.34;4.34;402.41
AGROLIGA;-3.39;-3.64;12.84;-30.38;-24.33;21.62;8.16;2.31;7.00;29.33
FAMUR;-2.08;-5.28;13.21;-11.29;-12.12;46.69;8.58;1.56;4.63;1781.55
AGROMA;-16.67;-28.57;-28.57;-16.67;-44.44;-95.05;-0.18;-0.18;-0.31;0.73
FARM51;1.37;10.45;-38.33;-24.49;-50.34;-;13.55;3.48;9.65;13.87
FARMACOL;-5.59;-11.31;-8.12;-25.40;-7.52;60.37;8.68;1.04;7.92;1088.33
AGROTON;-4.08;2.17;30.56;3.30;107.35;-76.26;-2.51;0.48;-5.08;60.24
FASING;1.95;0.51;8.80;9.58;-3.86;4.08;7.61;0.50;2.20;61.21
AGROTOUR;-4.49;10.39;-4.49;-5.56;-8.60;-;22.69;0.82;38.32;2.34
FASTFIN;-2.13;-6.12;2.22;21.05;-4.17;-20.69;5.64;1.03;3.35;46.00
FBRSU14;6.95;4.14;4.53;4.53;-;-;5.64;1.03;3.35;46.00
AHGROUP;-18.09;-13.98;-17.53;11.63;-50.82;-86.91;137.37;1.95;58.02;52.34
FCDRH15;1.27;-;-;-;-;-;5.64;1.03;3.35;46.00
AITON;-0.76;3.15;7.38;9.17;-7.09;-;22.79;13.06;8.78;14.58
FCDRU14;1.17;-7.52;0.26;-19.02;-;-;5.64;1.03;3.35;46.00
FCDRZ14;0.71;-3.88;12.97;-;-;-;5.64;1.03;3.35;46.00
FCHFH15;-0.07;0.20;-1.62;-;-;-;5.64;1.03;3.35;46.00
FCHFM15;0.17;-;-;-;-;-;5.64;1.03;3.35;46.00
FCHFN14;0.09;-1.57;-;-;-;-;5.64;1.03;3.35;46.00
FCHFQ14;-0.01;-0.01;-;-;-;-;5.64;1.03;3.35;46.00
ALEJA;-7.41;-10.71;0.00;-47.92;-37.50;-;17.60;0.16;7.11;1.34
FCHFU14;-0.21;0.04;-1.57;-0.32;-;-;5.64;1.03;3.35;46.00
FCHFZ14;0.30;0.61;-1.12;-0.02;-;-;5.64;1.03;3.35;46.00
ALIOR;1.75;-2.19;-3.47;-0.57;-6.55;-;22.19;2.05;9.74;5657.55
FEERUM;8.68;-11.37;-12.65;-25.34;62.09;-;16.27;2.20;11.95;196.96
FERRO;-2.25;-6.20;-9.60;-2.44;71.18;32.36;9.46;1.10;5.70;209.13
FERRUM;-1.80;-10.91;-25.19;-31.56;-21.97;-62.68;-2.23;1.19;-4.06;120.26
FEURH15;-0.12;-0.38;-2.00;-;-;-;-2.23;1.19;-4.06;120.26
FEURM15;0.24;-;-;-;-;-;-2.23;1.19;-4.06;120.26
FEURN14;0.19;0.03;-;-;-;-;-2.23;1.19;-4.06;120.26
ALUMAST;-10.00;-14.29;-8.47;-32.50;3.85;-70.97;10.90;-1.62;1.68;1.97
FEURQ14;-0.11;0.39;-;-;-;-;-2.23;1.19;-4.06;120.26
AMBRA;-2.18;-2.77;-0.37;-22.70;0.00;20.99;11.46;0.82;4.87;202.66
FEURU14;-0.01;-0.17;-1.65;-0.83;-;-;-2.23;1.19;-4.06;120.26
AMICA;-4.04;-6.88;2.74;-7.07;36.51;234.40;8.35;1.58;5.96;746.43
FEURZ14;0.16;0.11;-1.46;-1.34;-;-;-2.23;1.19;-4.06;120.26
AMPLI;-19.12;-35.29;-46.60;-43.30;-53.39;-78.85;-0.42;0.24;-0.58;1.81
AMREST;-2.08;-10.81;-7.97;-12.12;-12.52;-2.69;58.88;1.59;7.19;1639.62
ANALIZY;2.54;6.84;5.61;6.35;22.13;-9.96;13.74;9.06;10.79;16.46
APATOR;-4.78;-8.15;-8.45;-18.94;13.52;88.49;16.09;3.36;10.22;1096.17
APLISENS;-11.52;-15.95;-18.15;-40.58;-18.46;48.84;11.25;1.27;7.05;157.32
FINARCH;64.21;212.00;-5.45;-1.89;420.00;-;-1.28;-0.79;-1.48;0.85
AQUABB;-2.23;-0.86;10.43;31.20;34.11;5.66;10.98;0.45;3.01;164.93
FINHOUSE;-14.63;-12.50;-30.00;75.00;40.00;-51.39;-22.88;4.79;-20.91;1.21
AQUAPOZ;15.38;5.56;-27.66;-25.97;-1.21;-83.40;9.89;0.95;5.36;8.94
FITEN;5.00;15.38;-24.46;17.98;-36.36;-;-3.82;0.71;-6.79;14.81
ARAMUS;-6.25;-1.32;20.97;53.06;70.45;-30.56;11.44;0.48;5.54;4.66
ARCTIC;-0.41;-7.69;1.69;-2.44;-37.01;-67.79;-1.27;0.25;-5.59;168.37
FJSWU14;-1.58;-8.72;0.58;-3.32;-;-;-3.82;0.71;-6.79;14.81
ARCUS;-0.84;2.16;-5.95;6.76;-40.00;-60.17;8.87;0.29;3.94;17.30
FJSWZ14;-0.59;-11.30;-11.10;-;-;-;-3.82;0.71;-6.79;14.81
ARI;-8.82;10.71;-24.39;-35.42;63.16;-;6.14;1.21;4.83;1.60
FKERU14;0.49;-7.74;-2.30;-2.30;-;-;-3.82;0.71;-6.79;14.81
FKGHH15;5.18;-;-;-;-;-;-3.82;0.71;-6.79;14.81
FKGHU14;0.72;5.77;16.69;12.57;-;-;-3.82;0.71;-6.79;14.81
FKGHZ14;-0.50;3.59;7.16;-;-;-;-3.82;0.71;-6.79;14.81
FLTBU14;0.45;-0.30;0.49;0.48;-;-;-3.82;0.71;-6.79;14.81
FLTSH15;-0.10;-;-;-;-;-;-3.82;0.71;-6.79;14.81
ASBIS;-2.07;-25.85;-30.05;-56.24;-46.62;44.16;12.01;1.34;4.36;152.07
FLTSU14;2.75;0.50;-0.39;0.11;-;-;-3.82;0.71;-6.79;14.81
ASSECOBS;1.18;0.54;-4.45;-10.65;8.35;29.02;13.34;1.39;8.27;370.94
ASSECOPOL;0.72;-3.21;-2.70;-3.25;-1.57;-0.07;8.46;0.46;3.81;3382.26
ASSECOSEE;-1.79;-4.92;-15.28;-21.34;-18.93;-7.50;10.35;0.55;6.55;363.78
ASSECOSLO;-2.24;1.13;-12.34;-13.56;-8.87;-20.15;35.04;3.07;14.15;344.54
FLYPL;-0.17;-8.83;8.91;28.82;99.67;-;-156.02;202.65;-1077.29;248.85
ASSETUS;-4.00;-9.94;1.69;48.61;-35.48;125.35;-290.94;26.64;14546.81;14.55
ASTARTA;-9.66;-13.00;0.91;-38.46;-38.62;-53.39;-32.75;3.79;12.77;1000.00
ASTORIA;0.55;-5.90;-12.62;72.30;51.65;-81.03;2.71;0.36;-1.29;14.14
FON;0.92;-2.65;-14.73;-31.25;-31.25;-78.17;2.68;0.27;-18.18;69.31
ATCCARGO;-2.32;-5.69;-21.63;-21.29;78.76;-44.07;6.57;2.23;10.66;36.27
FOPLU14;-1.04;-6.31;-12.76;-14.57;-;-;2.68;0.27;-18.18;69.31
ATENDE;-9.22;-9.22;-11.02;7.51;144.19;-;10.24;1.73;5.35;115.57
FOREVEREN;7.69;3.70;-26.32;-30.00;55.56;-93.94;-13.21;4.64;-7.89;2.80
FORPOSTA;2.21;3.58;-1.42;-24.86;-18.24;-;-7.83;3.15;-7.85;10.11
FORTE;-1.14;-6.53;5.17;18.65;88.15;354.75;17.74;2.67;11.52;1026.52
ATM;-0.83;-3.55;-2.37;6.79;5.84;79.04;37.34;1.84;9.40;434.67
FORTUNA;1.96;1.43;-0.78;3.23;30.08;35.59;64.23;37.10;37.60;1003.08
FOTA;-8.46;-7.75;-5.56;25.26;213.16;-90.40;-0.18;0.19;-0.23;11.30
ATREM;1.12;-3.72;-10.69;-21.42;33.09;-40.13;26.33;0.80;9.04;48.92
FPEOU14;1.42;-1.58;-2.04;-2.15;-;-;-0.18;0.19;-0.23;11.30
AVIAAML;2.34;0.14;1.60;-10.60;-8.38;-;11.32;4.13;6.81;304.44
FPGEU14;0.46;-8.09;5.11;13.88;-;-;-0.18;0.19;-0.23;11.30
FPGEZ14;0.21;-8.71;10.36;-;-;-;-0.18;0.19;-0.23;11.30
AVIASG;-0.75;-2.79;5.15;-26.56;-55.91;-53.81;6.33;1.32;5.34;200.23
AWBUD;2.78;-13.95;-39.34;-42.19;-11.90;-77.58;-1.37;0.61;12.26;28.85
FPGNU14;1.41;1.00;20.81;25.62;-;-;-0.18;0.19;-0.23;11.30
AZTEC;-5.83;2.73;-5.83;-36.52;20.47;-2.42;23.05;1.62;17.57;19.29
FPKNU14;1.33;2.16;-2.02;-9.41;-;-;-0.18;0.19;-0.23;11.30
B3SYSTEM;4.00;-27.78;-45.83;4.00;-7.14;-84.71;-0.59;7.76;-0.68;6.44
FPKNZ14;0.89;3.12;6.86;-;-;-;-0.18;0.19;-0.23;11.30
BAKALLAND;-6.35;0.85;15.12;-1.67;43.03;-54.17;-15.37;0.93;3.48;47.31
FPKOH15;0.71;-;-;-;-;-;-0.18;0.19;-0.23;11.30
BALTICINV;11.55;-1.28;-29.45;-5.79;1243.48;88.41;143.61;3.86;-36.80;138.73
FPKOU14;1.06;-2.68;-10.45;-9.86;-;-;-0.18;0.19;-0.23;11.30
BALTICON;18.18;8.33;0.00;30.00;188.89;4.00;35.60;2.08;27.35;80.73
FPKOZ14;1.75;-0.52;-7.54;-;-;-;-0.18;0.19;-0.23;11.30
BALTONA;4.45;2.92;-10.36;-29.57;-6.98;-51.67;-10.83;4.48;50.41;56.51
FPZUU14;1.61;-3.87;0.34;-5.41;-;-;-0.18;0.19;-0.23;11.30
FPZUZ14;0.72;-5.59;-13.54;-;-;-;-0.18;0.19;-0.23;11.30
BAUMAL;-13.33;-14.75;-14.05;-3.53;-26.24;-;9.73;2.51;6.66;34.32
BBCONSULT;2.00;10.05;19.48;22.99;39.82;-;28.60;3.35;82.06;16.91
FSENU14;-5.69;-16.45;-23.60;-43.14;-;-;-0.18;0.19;-0.23;11.30
FSENZ14;-6.38;-5.41;-19.34;-;-;-;-0.18;0.19;-0.23;11.30
FTPEU14;-2.61;-9.16;-6.90;-8.13;-;-;-0.18;0.19;-0.23;11.30
BERLING;-4.03;-15.60;-16.90;-13.89;-11.46;7.21;9.61;1.25;7.44;104.42
BETACOM;4.52;9.23;9.63;39.75;162.88;194.82;9.12;1.51;4.78;29.86
FUSDH15;0.25;-0.17;0.10;-;-;-;-0.18;0.19;-0.23;11.30
BETOMAX;-2.05;14.97;13.16;13.16;105.74;-;17.45;2.03;9.04;51.60
FUSDM15;1.36;-;-;-;-;-;-0.18;0.19;-0.23;11.30
FUSDN14;0.34;0.03;-;-;-;-;-0.18;0.19;-0.23;11.30
BGE;-20.00;-30.43;-15.79;-40.74;-50.00;-93.98;-2.36;0.27;5.31;1.89
FUSDQ14;0.50;0.40;-;-;-;-;-0.18;0.19;-0.23;11.30
FUSDU14;0.64;0.26;0.78;-0.29;-;-;-0.18;0.19;-0.23;11.30
FUSDZ14;0.64;0.37;0.28;-0.19;-;-;-0.18;0.19;-0.23;11.30
FUTURIS;0.79;-3.03;-22.89;-36.00;-57.33;-93.90;-0.59;0.18;-0.70;2.20
BINARY;-22.22;-61.11;-82.50;-86.00;-94.26;-;-0.09;1.35;-0.09;0.24
FW20H1520;0.67;-2.61;-2.06;-;-;-;-0.59;0.18;-0.70;2.20
BIOERG;-2.78;-5.41;6.06;-12.50;12.90;-84.38;51.94;2.17;33.39;2.81
FW20M1520;1.40;-;-;-;-;-;-0.59;0.18;-0.70;2.20
BIOFACTOR;1.37;0.68;25.53;23.95;28.26;-;31.00;1.44;6.51;5.61
FW20U1420;0.77;-2.40;-0.46;1.24;-;-;-0.59;0.18;-0.70;2.20
BIOGENED;-0.93;-6.51;-26.45;-34.94;-52.63;-;12.00;0.57;5.96;17.62
FW20Z1420;0.76;-2.59;-0.01;1.00;-;-;-0.59;0.18;-0.70;2.20
FW40H15;-0.21;-;-;-;-;-;-0.59;0.18;-0.70;2.20
BIOMASS;17.39;3.05;-15.63;62.65;104.55;-;10.91;6.03;10.91;22.65
FW40U14;-1.55;-5.05;-0.31;-6.25;-;-;-0.59;0.18;-0.70;2.20
BIOMAXIMA;0.24;-1.65;4.76;-21.13;-18.52;-32.91;9.64;0.89;3.93;12.77
FW40Z14;-1.61;-3.68;2.59;-;-;-;-0.59;0.18;-0.70;2.20
BIOMEDLUB;3.58;-1.37;-4.62;10.31;5.86;-;54.73;2.19;18.67;127.91
GALVO;-10.17;11.58;51.43;23.26;20.45;-71.35;16.50;0.47;8.33;4.24
BIOTON;-4.99;-12.39;-14.51;98.00;65.00;-61.92;-64.37;0.30;10.15;425.03
GANT;10.00;-46.34;-73.17;-69.86;-84.51;-97.96;-0.11;0.03;0.35;6.62
BIPROMET;0.68;0.23;1.15;-19.23;-15.52;-44.04;-37.40;0.52;38.46;28.27
BLOOBER;9.35;27.76;22.24;-13.59;15.05;-47.87;-143.70;2.01;562.81;13.51
GENOMED;-21.92;-12.31;23.91;0.35;-47.99;-72.86;-32.19;1.94;20.58;7.53
GENRG;49.87;177.07;72.12;179.80;294.44;-;-283.74;62.86;-195.91;90.51
GINOROSSI;-2.43;-6.33;-4.42;8.49;75.63;-7.26;69.58;2.03;9.97;140.90
GLCOSMED;6.73;8.68;4.85;-2.46;-;-;12.07;1.45;7.95;84.92
GLOBALNRG;-2.78;-5.41;-53.33;-55.70;-64.29;-86.38;0.92;0.15;-14.99;12.07
GLOBCITYHD;-3.65;-1.21;-7.02;-2.00;12.90;-1.18;79.99;6.25;24.59;1724.93
BMPAG;6.03;-2.05;-9.73;-18.34;14.78;-27.07;44.93;3.87;30.00;69.14
BNPPL;-1.46;-7.69;-39.90;-41.94;-32.25;-56.77;18.94;1.00;7.53;1820.85
GMK;42.98;86.67;77.78;81.62;42.37;-;15.74;5.44;10.01;3.49
BOA;-3.33;-6.45;-3.33;-9.38;-23.68;-87.82;3.09;0.72;2.52;0.59
BOMEDIA;26.21;22.64;-26.97;28.71;35.42;-;4.62;2.38;3.59;2.36
BORYSZEW;2.69;0.19;16.30;7.00;15.80;-36.69;114.67;0.96;5.86;1161.60
BOWIM;10.23;-0.84;-23.55;-32.67;-32.86;-;38.90;0.55;3.83;46.25
BPHFIZBI6;0.02;16.20;16.20;16.20;9.43;2.24;38.90;0.55;3.83;46.25
BPHFIZMLI;-1.32;-1.15;-2.18;-2.06;3.83;-8.02;38.90;0.55;3.83;46.25
BPHFIZSN;3.83;1.87;-1.30;-2.72;-7.95;-21.65;38.90;0.55;3.83;46.25
BPHFIZSN2;2.44;3.70;7.90;10.38;4.61;24.96;38.90;0.55;3.83;46.25
BRASTER;-11.51;-24.09;-49.41;92.25;-19.73;-;-9.14;3.73;-7.69;-
BRIJU;-2.27;-3.85;3.31;-21.04;-23.64;-;9.83;2.34;7.58;74.73
BROADGATE;-1.71;23.66;36.90;-10.85;76.92;-77.63;12.26;0.35;16.68;5.32
GNFIBB0914;0.10;0.90;2.31;4.16;6.67;30.26;15.74;5.44;10.01;3.49
BSCDRUK;-4.60;-3.89;-3.85;-3.18;-0.48;53.32;13.73;1.39;8.29;243.23
BUDIMEX;-0.42;-6.83;-8.44;-5.32;36.37;78.94;9.66;4.33;8.03;2997.23
BUDVARCEN;9.72;60.14;690.00;577.14;664.52;374.00;-184.95;3.12;96.05;117.26
BUMECH;13.85;2.33;-23.99;-33.92;-57.17;-84.24;101.46;0.35;0.75;22.02
BYTOM;-6.19;-17.19;-14.52;-19.08;221.21;-10.17;76.39;3.66;18.48;76.24
BZWBK;2.01;-4.18;-5.18;-4.06;21.30;64.50;16.29;2.25;14.31;33208.51
CALATRAVA;-1.97;-10.36;-37.42;99.00;-33.67;-96.51;-0.86;0.55;-1.54;9.95
GOLAB;-13.16;3.13;-13.16;-15.38;-47.62;-13.16;-4.59;1.97;-5.34;3.55
CAMMEDIA;-5.61;7.56;0.00;9.47;-17.41;-76.31;-1.83;0.55;-3.28;13.48
GONTYNIEC;-3.87;-33.00;-41.74;-56.77;-62.92;-;1.26;0.36;1.29;9.08
CAPITAL;1.04;2.65;5.43;15.48;51.56;29.33;46.09;0.60;-29.55;45.21
GORENJE;17.51;17.57;32.12;47.83;-;-;-28.73;1.50;6.89;571.40
CASHFLOW;6.15;-9.21;-33.65;15.00;-68.20;-81.40;-0.74;0.59;-3.96;5.63
GOTFI;-7.40;-7.11;-2.79;51.45;100.58;150.00;15.40;6.77;12.37;34.28
CCC;-1.60;-5.76;-14.23;-1.01;24.11;112.07;24.90;6.95;16.84;4143.36
GPPI;15.38;-16.67;-11.76;-25.00;50.00;-76.92;17.68;0.27;15.20;0.87
GPW;-0.32;-4.97;-3.38;-5.53;-5.26;-22.91;13.69;2.43;10.74;1549.19
CCTOOLS;-4.35;-8.33;-12.00;-39.73;12.82;-78.33;10.86;2.46;8.27;3.29
CDE;12.00;12.00;115.38;174.51;159.26;-;4.25;2.44;-24.05;6.23
GRAAL;-1.12;-1.00;-3.61;16.88;24.67;108.81;8.98;0.49;3.17;135.59
CDPROJEKT;2.01;-8.68;4.31;-11.65;64.33;113.59;97.24;8.66;80.44;1448.94
GRAJEWO;-3.64;-13.14;-14.78;-11.84;20.91;57.28;7.48;1.75;7.33;1141.35
CENTURION;50.00;50.00;28.57;125.00;260.00;-;0.73;0.61;-13.09;0.97
GREENECO;-6.90;-35.71;-50.91;-57.81;-66.67;-86.63;-2.93;0.39;-2.34;2.90
CEREALPLT;0.09;-7.12;-7.59;-10.16;-;-;19.47;5.39;8.49;19.51
GREENENER;-16.67;25.00;-28.57;42.86;150.00;-;-12.92;3.88;-20.97;3.33
CERTUS;-6.92;554.05;462.79;-;-;-;735.51;150.76;787.09;303.03
CEZ;1.16;3.19;9.00;19.82;24.68;-22.59;1.33;0.18;0.62;47773.49
CHEMOS;0.78;3.20;-10.42;-15.13;22.86;-40.28;11.08;0.47;4.05;32.51
CIGAMES;-4.80;-21.00;-29.04;-34.70;-50.90;-70.35;3.72;1.37;3.40;110.49
GRJAGUAR;-4.76;-13.04;156.41;163.16;163.16;-;-3.64;0.89;-14.42;1.23
CLOUD;7.40;85.17;258.00;39.48;82.03;-;1042.41;25.98;34.82;17.72
GROCLIN;-4.35;-25.05;-11.66;-46.40;-14.09;-5.82;7.27;1.36;6.51;206.09
CNT;5.40;7.60;3.28;20.94;13.88;-20.51;13.52;1.01;12.44;51.09
GRODNO;-4.41;-5.52;-0.91;15.66;8.33;30.52;5.53;1.43;2.96;39.98
COALENERG;-6.90;-18.80;-15.63;-22.86;-45.73;-;-1.25;0.48;17.60;45.91
COGNOR;-2.29;-10.00;1.18;26.67;36.80;-53.28;-2.37;0.89;1.77;115.23
GRUPAAZOTY;9.11;0.13;37.87;33.13;11.53;148.23;11.23;1.22;6.09;7633.09
COLIAN;-5.17;-4.00;5.41;-20.41;27.35;-7.42;16.72;0.60;9.54;458.75
GRUPAHRC;-2.99;-2.62;10.64;47.73;225.00;-;-89.11;27.69;1052.38;22.10
COLUMBUS;2.63;-26.42;14.71;457.14;680.00;-26.42;-0.77;-5.07;-0.80;6.88
COMP;-1.81;-3.64;-0.30;-9.53;-7.14;-27.24;10.49;0.82;5.23;335.27
GTC;-0.80;-9.71;0.27;0.27;-5.22;-49.35;-4.20;1.09;-5.08;2599.70
COMPERIA;0.49;5.08;12.50;-8.41;6.15;-;15.93;4.49;7.30;44.04
COMPRESS;13.64;19.05;13.64;8.70;-3.85;-53.70;250.00;1.28;10.50;1.25
GTRINITY;16.67;-2.78;-13.37;-50.00;-90.76;-;3.72;0.11;2.62;4.53
COPERNIC;-0.25;0.84;-4.36;-8.12;-67.92;-83.59;7.19;0.60;4.20;27.49
GWARANT;5.08;3.33;22.05;13.97;29.71;-3.73;6.57;2.67;5.16;16.75
CORMAY;10.37;-18.85;-17.66;-31.22;-54.88;-62.65;22.46;0.76;5.71;175.56
HAMBURGER;10.00;15.79;-0.90;-14.73;-5.17;-;-9.24;1.92;-10.92;9.98
CPGROUP;-3.38;-4.59;-12.12;-;-;-;16.49;0.40;10.33;421.22
CSY;-1.11;-4.81;-19.09;-15.24;17.49;150.70;42.63;4.11;30.32;38.45
CUBEITG;-4.55;-17.65;-23.64;-39.13;-36.36;-84.95;6.34;0.58;2.96;30.72
HARPER;-4.35;-13.16;-24.66;-25.00;-19.12;11.11;20.25;3.52;8.54;210.11
HAWE;4.01;-0.32;1.63;-10.12;37.61;4.36;6.43;0.95;4.34;333.51
CYFRPLSAT;3.17;2.70;14.52;19.00;3.97;40.22;27.93;4.89;11.59;14581.65
HEFAL;-4.26;-10.00;-6.25;0.00;21.62;-66.91;-8.31;0.47;6.74;2.61
HELIO;1.30;-0.14;-15.68;-22.33;11.13;-36.51;6.80;0.72;3.90;34.75
CZTOREBKA;1.74;-8.09;-19.95;-20.45;-18.22;-;-14.13;0.86;-17.92;675.23
HERKULES;0.84;-1.63;16.43;14.22;88.28;-7.31;37.09;0.56;4.86;104.62
HOLLYWOOD;-2.46;-13.13;-7.33;-;-;-;755.96;2.72;50.96;86.18
HORTICO;9.94;-3.73;-34.18;-45.18;-6.07;63.98;24.32;2.92;17.21;43.28
HURTIMEX;-13.79;-10.71;-3.85;4.17;-13.79;-39.02;-1.80;-4.65;-3.35;2.62
DBSTXE0917;0.05;0.14;4.17;10.61;-;-;-14.13;0.86;-17.92;675.23
DBW20S0317;1.02;-0.73;2.14;4.86;6.18;-;-14.13;0.86;-17.92;675.23
HUTMEN;-0.22;4.87;5.12;-17.67;48.20;13.28;-5.50;0.44;4.65;112.11
HYDROTOR;3.35;1.22;6.60;2.02;18.95;30.99;12.12;1.04;6.47;81.30
HYGIENIKA;1.74;-5.65;1.30;-28.66;29.28;72.06;19.71;1.46;8.87;97.82
DEBICA;-1.42;1.08;-2.60;-8.19;36.60;73.60;10.79;1.33;7.19;1246.53
DECORA;-0.92;-4.58;-9.53;-32.31;-15.64;-31.94;8.87;0.53;2.80;81.38
DEKTRA;6.71;-0.63;22.50;27.81;-15.78;-20.42;12.26;2.26;9.28;8.78
DELKO;7.80;-1.49;-17.27;-18.52;39.76;-10.68;6.59;0.83;2.76;35.58
DEMOLEN;-0.67;-13.95;-12.43;0.68;-42.86;-;4.15;0.56;-4.66;6.96
DEPEND;-3.70;-25.71;-33.33;-27.78;-33.33;-35.00;-41.76;1.60;-19.14;2.76
DEVORAN;3.08;-33.00;-66.50;-66.50;-66.50;-93.30;9.01;1.80;6.22;0.68
DGA;-3.23;5.88;3.45;-8.16;-27.42;-58.53;-1.71;0.42;26.97;7.96
IDEATFI;-17.81;-25.00;-44.44;-64.29;-79.17;-93.24;-2.42;1.43;-2.53;18.36
DMWDM;-5.22;-15.89;-27.43;-20.63;-20.63;-70.33;2.12;0.29;1.29;36.30
DOMDEV;1.14;-3.67;-3.48;-10.34;9.01;17.58;29.50;1.27;21.08;1102.28
DOMENOMAN;-12.28;-23.08;66.67;31.58;-21.88;-66.89;414.17;0.98;23.67;2.49
IFCAPITAL;-1.61;-2.40;-17.57;1.67;19.61;-;5.50;0.31;-51.17;9.16
DOMLEK;-2.68;-3.33;-3.33;-17.14;-37.74;-38.87;27.36;4.46;13.15;15.32
IFM;-7.89;-6.67;2.94;7.69;0.00;-;-23.40;3.61;-29.64;15.35
IGORIA;8.00;-15.63;22.73;42.11;-22.86;-;31.29;7.18;19.39;7.29
DRAGOWSKI;-7.32;-20.83;-17.39;2.70;-13.64;-54.22;-0.51;0.05;-0.83;0.72
DREWEX;-8.82;-29.55;-29.55;-57.53;-8.82;-73.95;-1.00;-0.58;-1.23;4.66
IMAGIS;11.32;18.00;-40.34;-48.70;-;-;4.82;1.50;3.40;68.54
DROP;-2.05;-21.38;-34.88;-70.42;-73.62;-85.03;-10.01;0.38;15.06;13.50
IMCOMPANY;-8.21;-13.32;2.59;-31.71;-44.78;-16.07;10.18;1.73;5.45;265.74
IMMOBILE;-1.27;23.16;68.35;61.38;68.35;57.05;200.13;1.15;13.86;168.31
IMMOFUND;9.09;-7.69;0.00;20.00;20.00;-;-8.13;1.06;-8.19;2.34
IMPEL;-0.13;1.07;1.92;-2.29;0.03;57.41;23.85;1.41;4.70;388.91
IMPEXMET;-5.93;-13.62;-22.11;-33.53;-12.94;-51.74;7.14;0.42;3.91;452.00
DSS;-13.59;-17.59;-18.35;-33.08;-27.64;-95.93;-0.07;-0.02;-0.13;12.02
DTP;-0.17;0.67;0.67;15.27;-8.35;-;10.11;1.84;11.82;214.28
DUDA;1.49;-11.69;7.94;-23.60;-12.71;-44.26;7.97;0.54;2.99;187.65
INDATA;-0.49;7.98;4.10;2.01;57.36;9.73;15.76;6.12;15.08;122.77
DUON;6.45;10.00;4.43;6.45;36.36;20.44;15.53;0.80;7.47;166.00
INDYGO;-3.94;-11.59;-30.68;-41.63;212.82;10.91;1.47;0.68;-2.86;52.73
INDYKPOL;0.09;-3.63;6.18;-2.10;-3.95;-23.76;50.80;0.67;3.49;110.29
EASYCALL;-19.85;10.00;-32.31;-47.93;72.55;32.53;3.28;1.88;2.44;5.33
INFOSCOPE;3.59;16.32;-52.64;-57.74;-;-;116.01;2.16;9.61;14.73
INFOSYS;-14.85;-2.43;28.31;5.24;-14.33;-32.61;16.49;0.68;13.11;11.54
INGBSK;-0.16;-1.53;2.78;18.53;35.53;58.56;17.49;1.88;12.84;16724.36
INNOGENE;-7.77;-6.56;-26.55;10.89;9.20;-22.55;-29.13;5.37;-33.70;14.83
ECHO;-2.30;-7.83;6.53;2.25;-3.64;28.74;7.89;0.94;5.21;2624.71
INPRO;-2.00;-4.48;-13.73;-15.66;22.50;-19.28;13.41;0.99;8.84;200.20
INSTALKRK;1.74;-6.75;-16.50;-14.91;21.86;5.46;9.33;0.65;5.73;125.24
EDINVEST;-2.06;-4.31;8.47;9.90;-10.24;-27.61;43.13;0.92;27.28;42.31
EDISON;-8.33;6.76;-11.46;-11.25;20.20;-;9.02;3.61;19.96;5.27
INTEGERPL;-2.01;-12.84;-19.66;-29.75;-25.54;77.19;67.82;3.28;32.29;1599.43
EFEKT;-4.84;3.96;-0.67;47.50;34.70;9.97;7.47;0.82;1.73;19.65
INTELIWIS;8.70;9.65;-10.71;31.58;30.21;-47.70;-37.98;17.35;-37.98;7.82
EFH;-34.29;-42.50;-72.29;-75.79;-70.13;-96.54;-0.04;0.04;-0.06;3.23
INTERCARS;-0.87;-10.62;-13.67;-13.89;24.00;84.09;15.62;2.56;9.94;2309.40
EFIXDM;4.00;4.28;15.56;-18.29;-;-;-38.08;1.33;77.47;9.06
INTERNITY;11.34;14.89;2.86;-6.09;-50.91;-83.98;17.85;0.63;3.79;9.00
INTERSPPL;-5.18;7.02;2.81;-27.09;5.17;-44.04;-14.06;0.91;4.03;26.33
EGB;20.42;28.44;22.98;33.18;31.96;17.48;4.28;0.78;4.40;37.86
INTLBCO01487;-35.67;-31.90;-4.98;-15.83;-;-;-14.06;0.91;4.03;26.33
EKIOSK;28.57;50.00;278.95;260.00;260.00;188.00;18.21;19.36;18.23;14.11
INTLBCO01495;14.38;14.38;14.38;-18.88;-;-;-14.06;0.91;4.03;26.33
INTLBCO03517;-32.67;-32.67;14.00;-15.22;-;-;-14.06;0.91;4.03;26.33
EKOEXPORT;10.65;2.70;-8.94;-2.35;57.03;434.23;25.67;7.58;19.90;391.79
INTLBMW03434;28.55;28.55;66.29;66.29;-;-;-14.06;0.91;4.03;26.33
EKOKOGEN;-11.01;-4.90;-11.82;-15.65;-8.49;-;-6.52;77.60;-8.98;10.48
EKOPOL;3.42;-5.98;-16.56;4.52;103.63;-13.44;40.62;1.12;10.34;10.20
ELBUDOWA;-6.00;-5.73;-14.53;-33.32;-41.55;-41.51;20.66;1.09;9.18;355.60
ELEKTROTI;-3.97;-7.64;-23.55;2.47;12.26;1.87;11.46;0.97;6.78;86.35
ELEMENTAL;4.87;-4.44;-13.50;-7.42;12.86;-;15.01;1.42;12.81;366.93
INTLDAX00281;2.69;-6.54;20.18;2.19;101.43;-;-14.06;0.91;4.03;26.33
INTLDAX00752;-2.33;-11.25;7.17;3.65;153.08;-;-14.06;0.91;4.03;26.33
INTLDAX02568;0.79;-11.72;18.52;5.33;-;-;-14.06;0.91;4.03;26.33
INTLDAX02873;-21.14;-19.31;23.85;-13.15;-;-;-14.06;0.91;4.03;26.33
INTLDAX04820;1.29;-27.01;42.03;-;-;-;-14.06;0.91;4.03;26.33
INTLDAX05074;11.32;-34.22;-;-;-;-;-14.06;0.91;4.03;26.33
INTLDOW00372;7.12;7.12;34.36;21.20;59.93;-;-14.06;0.91;4.03;26.33
ELKOP;-0.76;3.17;0.78;3.17;23.81;-48.41;4.61;0.34;5.97;19.53
ELZAB;13.80;4.21;42.51;117.02;204.68;433.19;15.01;3.01;9.94;196.23
EMCINSMED;-0.61;0.37;-4.36;-11.68;-11.54;63.32;-186.19;1.40;15.78;195.32
EMMWH;-10.34;-23.73;17.70;-4.67;-71.40;-;-0.47;1.16;-0.49;1.18
INTLESX02782;5.68;5.68;5.68;67.69;-;-;-14.06;0.91;4.03;26.33
INTLGLD01404;-21.42;34.78;-3.51;49.65;-;-;-14.06;0.91;4.03;26.33
EMONT;-10.34;-23.73;17.70;-4.67;-71.40;-;-0.47;1.16;-0.49;1.18
INTLGLD02816;-15.17;21.75;-0.75;24.05;-;-;-14.06;0.91;4.03;26.33
EMPERIA;-0.89;-5.18;-14.96;-20.51;-11.85;17.49;63.48;1.35;15.64;875.92
EMUZYKA;-3.33;-3.33;7.41;9.85;42.16;38.10;7.88;2.02;4.14;10.90
ENAP;3.00;4.04;-4.63;5.10;-4.63;-23.70;9.91;1.29;6.25;20.60
ENEA;-2.71;-7.82;0.67;13.97;9.19;-11.29;10.55;1.29;6.25;20.60
ENELMED;-1.66;-8.74;-8.30;20.25;60.47;-;479.41;5.02;12.69;223.89
ENERGOINS;-6.52;-3.40;1.33;0.14;-5.60;113.72;17.73;1.67;9.83;251.82
EONET;15.53;18.65;32.23;-21.61;-38.17;-;-7.52;1.23;-11.50;9.04
INTLKGH05223;7.22;-;-;-;-;-;-14.06;0.91;4.03;26.33
EQUITIER;-9.84;-18.52;-48.36;-56.00;44.74;-;-9.10;15.20;-19.73;19.19
ERBUD;4.40;-0.16;-10.97;-21.93;25.67;-3.52;17.27;1.17;7.05;313.79
ERGIS;-2.12;-3.04;14.64;11.86;62.11;64.03;14.48;0.82;3.59;164.84
ESKIMOS;10.81;17.14;17.14;5.13;10.81;-50.60;13.51;0.58;2.97;8.47
ESOTIQ;3.04;-0.08;9.96;-4.88;-8.75;-4.88;11.00;1.29;7.13;43.28
ESSYSTEM;-8.10;-6.79;-16.88;-29.46;0.77;-30.59;24.34;0.72;8.44;109.30
INTLOPL04150;-32.26;-37.62;-37.00;-;-;-;-14.06;0.91;4.03;26.33
ETFDAX;0.45;-2.42;2.02;-1.01;13.09;39.96;24.34;0.72;8.44;109.30
ETFSP500;0.99;1.29;6.75;6.99;12.31;65.85;24.34;0.72;8.44;109.30
INTLPEO01636;12.27;-15.61;-30.28;20.26;-;-;-14.06;0.91;4.03;26.33
ETFW20L;0.58;-3.03;0.27;1.66;8.16;-0.02;24.34;0.72;8.44;109.30
EUCO;-2.88;-4.23;-0.50;42.75;59.58;39.85;10.37;3.26;9.08;111.38
INTLPEO02642;4.37;-11.19;-23.05;-9.08;-;-;-14.06;0.91;4.03;26.33
EUIMPLANT;-16.67;66.67;66.67;-37.50;-44.44;-80.77;-1.70;5.34;-2.22;7.63
EUROCASH;6.23;-2.17;7.15;6.23;-22.95;48.58;27.13;6.44;14.55;5813.40
INTLPGE01537;1.12;188.46;188.46;188.46;-;-;-14.06;0.91;4.03;26.33
EUROCENT;-4.31;-4.31;-11.14;-37.80;27.46;-;6.32;1.31;1.94;7.48
INTLPGE04937;6.27;-39.11;-;-;-;-;-14.06;0.91;4.03;26.33
INTLPGN04200;3.85;3.85;165.57;-;-;-;-14.06;0.91;4.03;26.33
EUROTAX;-0.80;8.77;5.98;7.83;-70.89;-76.74;14.64;4.54;17.81;6.25
EUROTEL;1.48;-11.08;-20.86;-24.19;-35.33;-15.58;7.83;1.05;4.98;40.48
INTLPGN04960;10.64;2.97;-;-;-;-;-14.06;0.91;4.03;26.33
EXAMOBILE;7.53;20.19;61.29;127.27;390.20;-;122.04;20.12;133.14;7.32
EXILLON;6.22;9.33;13.42;-12.77;31.83;-;41.85;2.33;21.31;1324.39
INTLPGN05306;18.46;-;-;-;-;-;-14.06;0.91;4.03;26.33
INTLPKN02469;18.27;5.47;13.22;6.53;-;-;-14.06;0.91;4.03;26.33
EZO;-2.23;-4.02;-11.76;29.63;33.25;-59.46;-6.61;3.48;-9.21;22.35
INTLPKN04101;21.44;11.89;2.08;-;-;-;-14.06;0.91;4.03;26.33
INTLPKN04119;22.63;4.77;44.54;-;-;-;-14.06;0.91;4.03;26.33
INTLPKN04374;32.34;11.17;7.58;-;-;-;-14.06;0.91;4.03;26.33
INTLPKO00018;8.28;-23.72;-29.17;-19.42;29.75;-;-14.06;0.91;4.03;26.33
INTLPKO00125;10.20;-18.59;-31.24;-30.83;64.63;-;-14.06;0.91;4.03;26.33
INTLPKO00927;27.25;-21.22;-37.99;-27.92;44.65;-;-14.06;0.91;4.03;26.33
INTLPKO02634;7.87;-20.00;-50.36;-43.86;-;-;-14.06;0.91;4.03;26.33
INTLPZU01586;14.38;-19.91;31.86;-20.27;-;-;-14.06;0.91;4.03;26.33
INTLPZU01594;-13.52;-19.27;1.85;50.16;-;-;-14.06;0.91;4.03;26.33
INTLPZU02618;8.97;-30.45;-5.50;-24.43;-;-;-14.06;0.91;4.03;26.33
INTLSLV01453;-16.04;48.97;21.95;50.62;-;-;-14.06;0.91;4.03;26.33
INTLUSD03731;36.69;-17.94;-13.07;-31.01;-;-;-14.06;0.91;4.03;26.33
INTLVOW03129;6.89;-16.75;-16.75;-15.16;-;-;-14.06;0.91;4.03;26.33
FABRFORMY;1.14;-2.20;3.49;5.95;106.98;64.81;176.89;2.34;10.12;23.35
INTLW2000265;7.51;-16.36;-10.50;-15.17;15.48;-;-14.06;0.91;4.03;26.33
FABRYKAKD;-1.35;-2.67;-23.16;46.00;1.39;-;8.38;1.91;4.06;6.35
INTLW2001180;7.14;-13.40;-2.33;-14.29;21.39;-;-14.06;0.91;4.03;26.33
FACHOWCY;-9.52;-9.52;-13.64;-9.52;137.50;-;148.09;1.05;14.07;9.92
INTLW2001750;8.57;-18.06;-0.98;-20.21;-;-;-14.06;0.91;4.03;26.33
INTLW2001768;8.02;-12.61;-3.77;-1.62;-;-;-14.06;0.91;4.03;26.33
FACPU14;-0.20;-4.56;-5.80;-10.38;-;-;148.09;1.05;14.07;9.92
INTLW2002410;6.10;-28.03;-12.06;-45.28;-;-;-14.06;0.91;4.03;26.33
INTLW2002550;8.55;-33.47;-16.24;-14.51;-;-;-14.06;0.91;4.03;26.33
INTROL;-0.74;2.96;-2.79;0.13;14.12;51.52;11.19;1.66;6.77;213.11
FAMUR;-2.08;-5.28;13.21;-11.29;-12.12;46.69;8.58;1.56;4.63;1781.55
FARM51;1.37;10.45;-38.33;-24.49;-50.34;-;13.55;3.48;9.65;13.87
FARMACOL;-5.59;-11.31;-8.12;-25.40;-7.52;60.37;8.68;1.04;7.92;1088.33
FASING;1.95;0.51;8.80;9.58;-3.86;4.08;7.61;0.50;2.20;61.21
FASTFIN;-2.13;-6.12;2.22;21.05;-4.17;-20.69;5.64;1.03;3.35;46.00
FBRSU14;6.95;4.14;4.53;4.53;-;-;5.64;1.03;3.35;46.00
FCDRH15;1.27;-;-;-;-;-;5.64;1.03;3.35;46.00
FCDRU14;1.17;-7.52;0.26;-19.02;-;-;5.64;1.03;3.35;46.00
FCDRZ14;0.71;-3.88;12.97;-;-;-;5.64;1.03;3.35;46.00
FCHFH15;-0.07;0.20;-1.62;-;-;-;5.64;1.03;3.35;46.00
FCHFM15;0.17;-;-;-;-;-;5.64;1.03;3.35;46.00
FCHFN14;0.09;-1.57;-;-;-;-;5.64;1.03;3.35;46.00
FCHFQ14;-0.01;-0.01;-;-;-;-;5.64;1.03;3.35;46.00
FCHFU14;-0.21;0.04;-1.57;-0.32;-;-;5.64;1.03;3.35;46.00
FCHFZ14;0.30;0.61;-1.12;-0.02;-;-;5.64;1.03;3.35;46.00
INTSDAX03210;-5.21;36.70;-26.38;-8.21;-;-;11.19;1.66;6.77;213.11
FEERUM;8.68;-11.37;-12.65;-25.34;62.09;-;16.27;2.20;11.95;196.96
INTSDAX03962;-5.36;15.27;-25.35;-22.83;-;-;11.19;1.66;6.77;213.11
FERRO;-2.25;-6.20;-9.60;-2.44;71.18;32.36;9.46;1.10;5.70;209.13
INTSDAX05165;-3.82;12.46;-;-;-;-;11.19;1.66;6.77;213.11
FERRUM;-1.80;-10.91;-25.19;-31.56;-21.97;-62.68;-2.23;1.19;-4.06;120.26
FEURH15;-0.12;-0.38;-2.00;-;-;-;-2.23;1.19;-4.06;120.26
FEURM15;0.24;-;-;-;-;-;-2.23;1.19;-4.06;120.26
FEURN14;0.19;0.03;-;-;-;-;-2.23;1.19;-4.06;120.26
FEURQ14;-0.11;0.39;-;-;-;-;-2.23;1.19;-4.06;120.26
INTSDOW03012;-19.21;-27.55;-51.87;-55.42;-;-;11.19;1.66;6.77;213.11
FEURU14;-0.01;-0.17;-1.65;-0.83;-;-;-2.23;1.19;-4.06;120.26
INTSDOW03988;-1.53;-16.33;-37.95;-37.22;-;-;11.19;1.66;6.77;213.11
FEURZ14;0.16;0.11;-1.46;-1.34;-;-;-2.23;1.19;-4.06;120.26
INTSESX02972;13.79;29.10;-51.84;-51.84;-;-;11.19;1.66;6.77;213.11
INTSGLD00620;8.96;-30.52;-16.45;-39.23;-39.14;-;11.19;1.66;6.77;213.11
INTSGLD00638;11.27;-2.38;-3.47;-23.41;2.09;-;11.19;1.66;6.77;213.11
INTSGLD02576;23.30;-31.07;-13.49;-52.74;-;-;11.19;1.66;6.77;213.11
INTSKGH02154;-4.33;-27.00;-48.21;-44.54;-;-;11.19;1.66;6.77;213.11
FINARCH;64.21;212.00;-5.45;-1.89;420.00;-;-1.28;-0.79;-1.48;0.85
FINHOUSE;-14.63;-12.50;-30.00;75.00;40.00;-51.39;-22.88;4.79;-20.91;1.21
FITEN;5.00;15.38;-24.46;17.98;-36.36;-;-3.82;0.71;-6.79;14.81
FJSWU14;-1.58;-8.72;0.58;-3.32;-;-;-3.82;0.71;-6.79;14.81
FJSWZ14;-0.59;-11.30;-11.10;-;-;-;-3.82;0.71;-6.79;14.81
INTSNKX04325;-27.06;-30.68;-48.39;-;-;-;11.19;1.66;6.77;213.11
INTSOPL04283;34.48;34.48;47.57;-;-;-;11.19;1.66;6.77;213.11
FKERU14;0.49;-7.74;-2.30;-2.30;-;-;-3.82;0.71;-6.79;14.81
INTSPEO02766;-9.61;6.54;11.27;-16.62;-;-;11.19;1.66;6.77;213.11
FKGHH15;5.18;-;-;-;-;-;-3.82;0.71;-6.79;14.81
INTSPEO02998;-1.92;3.22;8.24;-0.76;-;-;11.19;1.66;6.77;213.11
FKGHU14;0.72;5.77;16.69;12.57;-;-;-3.82;0.71;-6.79;14.81
FKGHZ14;-0.50;3.59;7.16;-;-;-;-3.82;0.71;-6.79;14.81
INTSPGE04986;-6.26;44.55;-;-;-;-;11.19;1.66;6.77;213.11
FLTBU14;0.45;-0.30;0.49;0.48;-;-;-3.82;0.71;-6.79;14.81
FLTSH15;-0.10;-;-;-;-;-;-3.82;0.71;-6.79;14.81
FLTSU14;2.75;0.50;-0.39;0.11;-;-;-3.82;0.71;-6.79;14.81
INTSPKN03798;-26.75;-18.37;-1.72;-13.62;-;-;11.19;1.66;6.77;213.11
INTSPKO02980;-2.22;24.37;49.18;19.26;-;-;11.19;1.66;6.77;213.11
INTSPZU03848;0.17;0.17;-16.57;-11.87;-;-;11.19;1.66;6.77;213.11
INTSRDX00851;30.87;18.35;-42.02;-5.67;-21.72;-;11.19;1.66;6.77;213.11
FLYPL;-0.17;-8.83;8.91;28.82;99.67;-;-156.02;202.65;-1077.29;248.85
INTSSLV02584;5.22;-28.59;5.73;-18.91;-;-;11.19;1.66;6.77;213.11
FON;0.92;-2.65;-14.73;-31.25;-31.25;-78.17;2.68;0.27;-18.18;69.31
FOPLU14;-1.04;-6.31;-12.76;-14.57;-;-;2.68;0.27;-18.18;69.31
FOREVEREN;7.69;3.70;-26.32;-30.00;55.56;-93.94;-13.21;4.64;-7.89;2.80
FORPOSTA;2.21;3.58;-1.42;-24.86;-18.24;-;-7.83;3.15;-7.85;10.11
FORTE;-1.14;-6.53;5.17;18.65;88.15;354.75;17.74;2.67;11.52;1026.52
FORTUNA;1.96;1.43;-0.78;3.23;30.08;35.59;64.23;37.10;37.60;1003.08
FOTA;-8.46;-7.75;-5.56;25.26;213.16;-90.40;-0.18;0.19;-0.23;11.30
INTSW2000737;-6.54;12.68;2.56;-6.98;-14.53;-;11.19;1.66;6.77;213.11
INTSW2000745;-4.79;14.78;0.20;-14.75;-10.77;-;11.19;1.66;6.77;213.11
FPEOU14;1.42;-1.58;-2.04;-2.15;-;-;-0.18;0.19;-0.23;11.30
INTSW2002808;-9.00;5.11;-4.79;-7.40;-;-;11.19;1.66;6.77;213.11
INTSW2003194;-4.52;12.67;-1.02;-6.50;-;-;11.19;1.66;6.77;213.11
FPGEU14;0.46;-8.09;5.11;13.88;-;-;-0.18;0.19;-0.23;11.30
INTSW2003525;-11.74;42.94;-3.72;-22.59;-;-;11.19;1.66;6.77;213.11
FPGEZ14;0.21;-8.71;10.36;-;-;-;-0.18;0.19;-0.23;11.30
FPGNU14;1.41;1.00;20.81;25.62;-;-;-0.18;0.19;-0.23;11.30
INVCEEFIZ;1.50;1.63;-2.17;-1.98;21.57;-25.05;11.19;1.66;6.77;213.11
FPKNU14;1.33;2.16;-2.02;-9.41;-;-;-0.18;0.19;-0.23;11.30
InvestorMS;-0.94;-5.53;-4.19;-6.86;7.88;3.26;11.19;1.66;6.77;76184.68
FPKNZ14;0.89;3.12;6.86;-;-;-;-0.18;0.19;-0.23;11.30
FPKOH15;0.71;-;-;-;-;-;-0.18;0.19;-0.23;11.30
FPKOU14;1.06;-2.68;-10.45;-9.86;-;-;-0.18;0.19;-0.23;11.30
FPKOZ14;1.75;-0.52;-7.54;-;-;-;-0.18;0.19;-0.23;11.30
FPZUU14;1.61;-3.87;0.34;-5.41;-;-;-0.18;0.19;-0.23;11.30
FPZUZ14;0.72;-5.59;-13.54;-;-;-;-0.18;0.19;-0.23;11.30
FSENU14;-5.69;-16.45;-23.60;-43.14;-;-;-0.18;0.19;-0.23;11.30
FSENZ14;-6.38;-5.41;-19.34;-;-;-;-0.18;0.19;-0.23;11.30
INVFIZ;-0.94;-5.53;-4.19;-6.86;7.88;3.26;11.19;1.66;6.77;76184.68
FTPEU14;-2.61;-9.16;-6.90;-8.13;-;-;-0.18;0.19;-0.23;11.30
INVGLDFIZ;-1.70;3.94;-1.02;3.63;1.25;-37.58;11.19;1.66;6.77;76184.68
INVISTA;-4.68;-7.82;6.67;3.70;-27.04;-24.07;-369.03;0.84;7.62;32.11
INVPEFIZ;3.47;8.35;5.65;-16.83;-9.25;-37.76;-369.03;0.84;7.62;32.11
INVPRFIZ;-3.55;-13.76;-9.93;-11.37;-10.17;-32.76;-369.03;0.84;7.62;32.11
INWESTPL;4.35;14.29;-4.00;-14.29;-27.27;-72.73;7.31;0.60;6.76;1.89
IPERMFIZ;2.53;-3.92;-2.07;-14.46;-7.92;-7.92;7.31;0.60;6.76;1.89
FUSDH15;0.25;-0.17;0.10;-;-;-;-0.18;0.19;-0.23;11.30
FUSDM15;1.36;-;-;-;-;-;-0.18;0.19;-0.23;11.30
IPOPEMA;-5.18;0.57;-3.45;-24.03;-29.58;-55.68;19.22;1.88;11.49;160.77
FUSDN14;0.34;0.03;-;-;-;-;-0.18;0.19;-0.23;11.30
FUSDQ14;0.50;0.40;-;-;-;-;-0.18;0.19;-0.23;11.30
FUSDU14;0.64;0.26;0.78;-0.29;-;-;-0.18;0.19;-0.23;11.30
IQP;0.83;0.83;1.68;0.83;21.00;-57.39;3.84;0.70;1.78;27.05
FUSDZ14;0.64;0.37;0.28;-0.19;-;-;-0.18;0.19;-0.23;11.30
FUTURIS;0.79;-3.03;-22.89;-36.00;-57.33;-93.90;-0.59;0.18;-0.70;2.20
FW20H1520;0.67;-2.61;-2.06;-;-;-;-0.59;0.18;-0.70;2.20
IU;-2.01;7.35;-7.01;-21.51;-10.43;-;1.47;0.30;0.90;0.65
FW20M1520;1.40;-;-;-;-;-;-0.59;0.18;-0.70;2.20
IVMX;1.05;2.40;2.40;-27.68;-32.63;-63.04;-17.15;0.26;225.99;47.91
FW20U1420;0.77;-2.40;-0.46;1.24;-;-;-0.59;0.18;-0.70;2.20
FW20Z1420;0.76;-2.59;-0.01;1.00;-;-;-0.59;0.18;-0.70;2.20
FW40H15;-0.21;-;-;-;-;-;-0.59;0.18;-0.70;2.20
FW40U14;-1.55;-5.05;-0.31;-6.25;-;-;-0.59;0.18;-0.70;2.20
FW40Z14;-1.61;-3.68;2.59;-;-;-;-0.59;0.18;-0.70;2.20
GALVO;-10.17;11.58;51.43;23.26;20.45;-71.35;16.50;0.47;8.33;4.24
GANT;10.00;-46.34;-73.17;-69.86;-84.51;-97.96;-0.11;0.03;0.35;6.62
GENOMED;-21.92;-12.31;23.91;0.35;-47.99;-72.86;-32.19;1.94;20.58;7.53
GENRG;49.87;177.07;72.12;179.80;294.44;-;-283.74;62.86;-195.91;90.51
JHMDEV;2.00;2.00;2.00;-7.27;15.91;-;10.44;0.36;4.90;63.75
JRINVEST;-1.06;11.46;20.05;-10.36;-1.68;-;7.96;0.76;6.27;18.21
GINOROSSI;-2.43;-6.33;-4.42;8.49;75.63;-7.26;68.84;2.01;9.87;140.90
JUPITER;-7.69;-20.00;-25.00;-37.93;-16.28;-69.75;10.68;0.13;-4.40;36.69
GLCOSMED;6.73;8.68;4.85;-2.46;-;-;12.07;1.45;7.95;84.92
JWCONSTR;-2.94;-2.08;-5.71;-29.79;-27.95;-75.79;15.17;0.34;2.86;173.58
K2INTERNT;2.74;7.19;14.10;5.45;54.56;-43.62;-25.93;1.27;12.21;30.32
GLOBALNRG;-2.78;-5.41;-53.33;-55.70;-64.29;-86.38;0.92;0.15;-14.99;12.07
GLOBCITYHD;-3.65;-1.21;-7.02;-2.00;12.90;-1.18;79.99;6.25;24.59;1724.93
KANIA;-3.54;-7.20;-18.33;-27.94;-5.77;118.75;19.89;1.99;10.05;304.20
GMK;42.98;86.67;77.78;81.62;42.37;-;15.74;5.44;10.01;3.49
KBDOM;-2.25;-10.32;-15.18;-34.83;30.33;-90.93;6.03;0.16;9.43;38.81
KCI;33.33;33.33;-20.00;-20.00;0.00;-50.00;-2.76;0.55;-7.99;14.56
KERNEL;-3.23;-9.17;4.13;-25.94;-44.07;-58.54;-1705.29;1.82;12.24;2390.50
KETY;-0.82;7.87;10.71;7.34;54.18;109.02;12.29;1.78;8.27;2055.33
KGHM;0.36;5.21;17.52;16.13;17.75;-2.89;8.36;1.10;4.26;25390.00
KINOPOL;-10.33;-9.79;-32.28;-42.54;-15.18;100.41;14.79;3.84;10.08;281.46
KKHERBAL;36.84;62.50;48.57;4.00;100.00;-;25.51;1.83;16.70;1.40
GNFIBB0914;0.10;0.90;2.31;4.16;6.67;30.26;15.74;5.44;10.01;3.49
KME;5.32;115.22;90.38;120.00;120.00;-;97.18;1.86;35.04;7.29
KOFOLA;0.77;0.06;-6.16;-4.95;30.07;31.72;-7.68;2.38;-132.68;920.40
KOGENERA;-7.82;-13.11;-8.06;16.26;8.66;-27.12;15.69;0.74;4.82;917.84
GOLAB;-13.16;3.13;-13.16;-15.38;-47.62;-13.16;-4.59;1.97;-5.34;3.55
KOMPAP;3.47;-9.04;19.97;13.74;27.57;-26.75;6.99;0.72;4.74;35.06
GONTYNIEC;-3.87;-33.00;-41.74;-56.77;-62.92;-;1.26;0.36;1.29;9.08
KOMPLEKS;-5.11;4.84;10.17;46.07;73.33;-19.25;17.03;0.83;14.84;8.10
GORENJE;17.51;17.57;32.12;47.83;-;-;-28.62;1.50;6.86;571.40
GOTFI;-7.40;-7.11;-2.79;51.45;100.58;150.00;15.40;6.77;12.37;34.28
KONSSTALI;-0.25;-3.08;-6.96;-16.44;-11.33;-49.70;23.06;0.51;7.05;142.89
GPPI;15.38;-16.67;-11.76;-25.00;50.00;-76.92;17.68;0.27;15.20;0.87
GPW;-0.32;-4.97;-3.38;-5.53;-5.26;-22.91;13.68;2.43;10.74;1549.19
KOPEX;1.80;-9.89;-8.87;0.89;15.78;-46.37;10.17;0.33;3.25;828.06
KORBANK;-1.29;-4.38;4.79;-14.04;-8.93;-8.38;12.72;1.56;8.99;7.55
GRAAL;-1.12;-1.00;-3.61;16.88;24.67;108.81;8.98;0.49;3.17;135.59
GRAJEWO;-3.64;-13.14;-14.78;-11.84;20.91;57.28;7.48;1.75;7.33;1141.35
GREENECO;-6.90;-35.71;-50.91;-57.81;-66.67;-86.63;-2.93;0.39;-2.34;2.90
GREENENER;-16.67;25.00;-28.57;42.86;150.00;-;-12.92;3.88;-20.97;3.33
KREC;-0.14;4.38;6.34;3.94;21.18;167.39;28.17;2.19;9.36;119.96
KREDYTIN;-2.34;-2.29;-12.15;-4.28;25.10;61.27;5.49;1.35;2.58;245.79
GRJAGUAR;-4.76;-13.04;156.41;163.16;163.16;-;-3.64;0.89;-14.42;1.23
GROCLIN;-4.35;-25.05;-11.66;-46.40;-14.09;-5.82;7.27;1.36;6.51;206.09
GRODNO;-4.41;-5.52;-0.91;15.66;8.33;30.52;5.53;1.43;2.96;39.98
GRUPAAZOTY;9.11;0.13;37.87;33.13;11.53;148.23;11.21;1.21;6.08;7633.09
KRKA;10.73;-0.27;10.81;14.63;38.52;-;59.42;7.71;31.92;10270.03
GRUPAHRC;-2.99;-2.62;10.64;47.73;225.00;-;-89.11;27.69;1052.38;22.10
GTC;-0.80;-9.71;0.27;0.27;-5.22;-49.35;-4.20;1.09;-5.08;2599.70
KRUK;-2.08;-5.29;11.40;9.28;43.88;126.79;12.97;3.33;8.48;1529.54
GTRINITY;16.67;-2.78;-13.37;-50.00;-90.76;-;3.72;0.11;2.62;4.53
KRUSZWICA;7.95;9.66;2.89;7.13;125.67;-14.75;14.18;2.06;7.95;1513.46
GWARANT;5.08;3.33;22.05;13.97;29.71;-3.73;6.57;2.67;5.16;16.75
HAMBURGER;10.00;15.79;-0.90;-14.73;-5.17;-;-8.62;1.80;-10.19;9.31
KUPIEC;-5.77;-5.77;6.52;40.00;19.51;-;30.03;0.63;98.10;4.41
HARPER;-4.35;-13.16;-24.66;-25.00;-19.12;11.11;20.25;3.52;8.54;210.11
LANGLOO;-10.00;-10.00;-25.00;-18.18;0.00;-;6.50;0.71;2.41;1.94
HAWE;4.01;-0.32;1.63;-10.12;37.61;4.36;6.45;0.95;4.35;334.58
HEFAL;-4.26;-10.00;-6.25;0.00;21.62;-66.91;-8.31;0.47;6.74;2.61
HELIO;1.30;-0.14;-15.68;-22.33;11.13;-36.51;6.80;0.72;3.90;34.75
HERKULES;0.84;-1.63;16.43;14.22;88.28;-7.31;37.09;0.56;4.86;104.62
LCCORP;-2.22;-19.63;-3.83;-1.12;4.14;40.80;10.64;0.66;8.89;783.23
HOLLYWOOD;-2.46;-13.13;-7.33;-;-;-;755.96;2.72;50.96;86.18
LEASINGEX;43.18;86.21;143.87;113.56;-;-;38.20;8.49;28.50;7.18
HORTICO;9.94;-3.73;-34.18;-45.18;-6.07;63.98;24.32;2.92;17.21;43.28
LENA;-9.51;-14.71;-13.72;-9.07;16.30;119.53;10.04;1.01;6.48;92.29
LENTEX;-0.50;5.57;4.74;11.02;69.00;68.29;11.89;1.11;6.52;479.50
HURTIMEX;-13.79;-10.71;-3.85;4.17;-13.79;-39.02;-1.80;-4.65;-3.35;2.62
LEONIDAS;33.33;66.67;11.11;0.00;-20.00;-87.42;-1.45;0.62;-2.84;3.31
HUTMEN;-0.22;4.87;5.12;-17.67;48.20;13.28;-5.50;0.44;4.65;112.11
LETUS;10.00;10.00;0.00;-15.38;-8.33;-89.11;-1.68;0.25;-1.65;1.07
HYDROTOR;3.35;1.22;6.60;2.02;18.95;30.99;12.12;1.04;6.47;81.30
HYGIENIKA;1.74;-5.65;1.30;-28.66;29.28;72.06;19.80;1.47;8.91;97.82
LGTRADE;9.52;17.95;-11.54;-16.36;-46.51;-;30.05;1.74;7.29;2.40
LIBET;-6.11;-8.18;-8.46;-8.46;13.18;-16.81;23.15;0.67;3.68;142.00
LIVECHAT;0.40;-2.36;-1.28;-;-;-;53.75;56.12;40.99;440.84
LMASFIZ;-2.19;-3.10;-6.02;-19.35;-3.70;0.31;53.75;56.12;40.99;440.84
LMDSFIZ;-3.63;-10.58;-17.94;-20.93;-;-;53.75;56.12;40.99;440.84
IDEATFI;-17.81;-25.00;-44.44;-64.29;-79.17;-93.24;-2.42;1.43;-2.53;18.36
LOTOS;2.43;-1.14;-1.81;7.04;5.41;-4.67;31.63;0.53;5.48;4935.19
IFCAPITAL;-1.61;-2.40;-17.57;1.67;19.61;-;5.50;0.31;-51.17;9.16
LOYD;-2.22;10.00;20.55;57.14;41.94;41.94;2.47;1.50;2.40;11.23
IFM;-7.89;-6.67;2.94;7.69;0.00;-;-23.40;3.61;-29.64;15.35
LPP;-1.88;-3.33;0.90;-10.80;22.26;280.90;35.92;9.60;17.90;14374.32
IGORIA;8.00;-15.63;22.73;42.11;-22.86;-;31.29;7.18;19.39;7.29
LSISOFT;0.14;-0.28;-4.10;-11.71;113.07;54.75;11.56;1.11;5.27;23.58
LSTECHHOM;8.22;5.33;-8.67;64.58;83.72;-;-15.64;4.99;51.60;29.57
IMAGIS;11.32;18.00;-40.34;-48.70;-;-;4.82;1.50;3.40;68.54
LUBAWA;1.77;-2.54;-5.74;-31.55;-1.71;-17.27;45.22;0.61;7.76;125.66
IMCOMPANY;-8.21;-13.32;2.59;-31.71;-44.78;-16.07;10.18;1.73;5.45;265.74
IMMOBILE;-1.27;23.16;68.35;61.38;68.35;57.05;200.13;1.15;13.86;168.31
LUG;-0.99;-12.64;17.94;19.70;17.25;-2.43;19.09;0.73;5.01;28.87
IMMOFUND;9.09;-7.69;0.00;20.00;20.00;-;-8.13;1.06;-8.19;2.34
IMPEL;-0.13;1.07;1.92;-2.29;0.03;57.41;23.85;1.41;4.70;388.91
LZMO;-8.75;-21.17;-31.13;-35.74;98.37;-;5.11;1.92;-160.12;32.51
IMPEXMET;-5.93;-13.62;-22.11;-33.53;-12.94;-51.74;7.14;0.42;3.91;452.00
M10;-11.11;14.29;0.00;100.00;100.00;-;-3.07;3.25;-3.24;1.44
MABION;-4.71;-12.00;3.74;9.20;142.20;304.32;-115.99;8.67;-153.74;451.22
MADKOM;21.74;27.27;16.67;0.00;40.00;-;-72.43;3.39;47.32;14.20
INDATA;-0.49;7.98;4.10;2.01;57.36;9.73;15.76;6.12;15.08;122.77
MAGELLAN;-4.93;-7.33;-10.97;-13.69;-5.26;59.02;9.23;1.53;7.17;427.86
INDYGO;-3.94;-11.59;-30.68;-41.63;212.82;10.91;1.47;0.68;-2.86;52.73
INDYKPOL;0.09;-3.63;6.18;-2.10;-3.95;-23.76;50.80;0.67;3.49;110.29
MAGNIFICO;-10.34;-10.34;-18.75;-7.14;-23.53;-76.99;-17.94;0.76;-17.94;0.99
INFOSCOPE;3.59;16.32;-52.64;-57.74;-;-;116.01;2.16;9.61;14.73
MAKARONPL;-10.35;-1.59;2.36;11.60;27.35;-17.05;13.81;0.63;4.34;40.05
INFOSYS;-14.85;-2.43;28.31;5.24;-14.33;-32.61;16.49;0.68;13.11;11.54
MAKOLAB;-0.85;20.83;84.13;101.74;91.74;96.61;28.35;3.02;13.54;16.41
INGBSK;-0.16;-1.53;2.78;18.53;35.53;58.56;17.49;1.88;12.84;16724.36
INNOGENE;-7.77;-6.56;-26.55;10.89;9.20;-22.55;-29.13;5.37;-33.70;14.83
INPRO;-2.00;-4.48;-13.73;-15.66;22.50;-19.28;13.41;0.99;8.84;200.20
MARKA;5.39;1.42;-0.92;7.50;-9.47;-;-2.00;1.83;-5.37;17.34
INSTALKRK;1.74;-6.75;-16.50;-14.91;21.86;5.46;9.33;0.65;5.73;125.24
MARSOFT;7.69;16.67;-26.32;0.00;-30.00;-77.05;-2.44;0.79;-7.24;0.76
MARVIPOL;-2.80;-3.23;0.00;25.24;22.68;-28.03;19.49;1.07;6.63;265.93
INTEGERPL;-2.01;-12.84;-19.66;-29.75;-25.54;77.19;67.82;3.28;32.29;1599.43
INTELIWIS;8.70;9.65;-10.71;31.58;30.21;-47.70;-37.98;17.35;-37.98;7.82
INTERCARS;-0.87;-10.62;-13.67;-13.89;24.00;84.09;15.62;2.56;9.94;2309.40
MBANK;-0.41;-4.63;-3.49;1.23;28.66;66.07;16.64;2.05;12.66;20434.78
INTERNITY;11.34;14.89;2.86;-6.09;-50.91;-83.98;17.85;0.63;3.79;9.00
MBFGROUP;29.22;125.00;27.08;33.04;29.88;-;76.05;3.08;88.63;12.85
INTERSPPL;-5.18;7.02;2.81;-27.09;5.17;-44.04;-14.06;0.91;4.03;26.33
INTLBCO01487;-35.67;-31.90;-4.98;-15.83;-;-;-14.06;0.91;4.03;26.33
INTLBCO01495;14.38;14.38;14.38;-18.88;-;-;-14.06;0.91;4.03;26.33
INTLBCO03517;-32.67;-32.67;14.00;-15.22;-;-;-14.06;0.91;4.03;26.33
INTLBMW03434;28.55;28.55;66.29;66.29;-;-;-14.06;0.91;4.03;26.33
INTLDAX00281;2.69;-6.54;20.18;2.19;101.43;-;-14.06;0.91;4.03;26.33
INTLDAX00752;-2.33;-11.25;7.17;3.65;153.08;-;-14.06;0.91;4.03;26.33
INTLDAX02568;0.79;-11.72;18.52;5.33;-;-;-14.06;0.91;4.03;26.33
INTLDAX02873;-21.14;-19.31;23.85;-13.15;-;-;-14.06;0.91;4.03;26.33
INTLDAX04820;1.29;-27.01;42.03;-;-;-;-14.06;0.91;4.03;26.33
INTLDAX05074;11.32;-34.22;-;-;-;-;-14.06;0.91;4.03;26.33
INTLDOW00372;7.12;7.12;34.36;21.20;59.93;-;-14.06;0.91;4.03;26.33
INTLESX02782;5.68;5.68;5.68;67.69;-;-;-14.06;0.91;4.03;26.33
MCLOGIC;3.86;2.67;-4.49;10.96;8.87;25.90;13.92;2.75;6.19;76.30
MDEVELOP;-1.77;6.73;58.57;136.17;208.33;-45.05;-129.58;0.68;178.32;55.46
MED;26.00;5.88;-9.35;-61.88;-68.50;-;-9.05;2.05;-17.20;5.71
MEDIACAP;3.93;14.03;-2.46;98.13;131.39;317.11;22.81;6.49;14.01;49.51
INTLGLD01404;-21.42;34.78;-3.51;49.65;-;-;-14.06;0.91;4.03;26.33
MEDIATEL;3.70;12.00;18.31;10.53;147.06;-76.60;-56.66;125.42;-91.22;556.11
INTLGLD02816;-15.17;21.75;-0.75;24.05;-;-;-14.06;0.91;4.03;26.33
MEDICALG;-9.75;-20.44;-25.02;18.44;157.41;-;68.60;9.22;71.15;745.98
MEGASONIC;-0.50;-5.24;-35.81;-;-;-;37.52;2.31;9.89;2.55
MENNICA;0.65;2.44;0.95;-8.02;-13.25;27.34;6.53;1.06;8.66;704.92
INTLKGH05223;7.22;-;-;-;-;-;-14.06;0.91;4.03;26.33
MERA;-5.81;5.65;50.00;35.75;27.89;-39.25;26.09;0.43;3.75;24.52
MERCATOR;0.87;-10.26;-11.90;-20.94;-;-;14.54;1.75;7.12;99.83
MERCOR;-8.94;-8.22;-2.98;-15.10;13.67;32.31;4.51;0.42;6.68;121.20
MEXPOLSKA;-12.50;-16.27;-37.50;-1.13;56.25;-;6.08;1.12;3.02;10.80
MFO;-0.09;-3.73;-6.22;-6.87;-;-;11.07;1.49;7.88;65.88
INTLOPL04150;-32.26;-37.62;-37.00;-;-;-;-14.06;0.91;4.03;26.33
INTLPEO01636;12.27;-15.61;-30.28;20.26;-;-;-14.06;0.91;4.03;26.33
MIDAS;5.77;-1.79;-15.38;-20.29;-32.93;-52.59;-3.94;1.07;-8.27;813.82
INTLPEO02642;4.37;-11.19;-23.05;-9.08;-;-;-14.06;0.91;4.03;26.33
INTLPGE01537;1.12;188.46;188.46;188.46;-;-;-14.06;0.91;4.03;26.33
INTLPGE04937;6.27;-39.11;-;-;-;-;-14.06;0.91;4.03;26.33
INTLPGN04200;3.85;3.85;165.57;-;-;-;-14.06;0.91;4.03;26.33
INTLPGN04960;10.64;2.97;-;-;-;-;-14.06;0.91;4.03;26.33
INTLPGN05306;18.46;-;-;-;-;-;-14.06;0.91;4.03;26.33
INTLPKN02469;18.27;5.47;13.22;6.53;-;-;-14.06;0.91;4.03;26.33
INTLPKN04101;21.44;11.89;2.08;-;-;-;-14.06;0.91;4.03;26.33
INTLPKN04119;22.63;4.77;44.54;-;-;-;-14.06;0.91;4.03;26.33
INTLPKN04374;32.34;11.17;7.58;-;-;-;-14.06;0.91;4.03;26.33
INTLPKO00018;8.28;-23.72;-29.17;-19.42;29.75;-;-14.06;0.91;4.03;26.33
INTLPKO00125;10.20;-18.59;-31.24;-30.83;64.63;-;-14.06;0.91;4.03;26.33
INTLPKO00927;27.25;-21.22;-37.99;-27.92;44.65;-;-14.06;0.91;4.03;26.33
INTLPKO02634;7.87;-20.00;-50.36;-43.86;-;-;-14.06;0.91;4.03;26.33
INTLPZU01586;14.38;-19.91;31.86;-20.27;-;-;-14.06;0.91;4.03;26.33
INTLPZU01594;-13.52;-19.27;1.85;50.16;-;-;-14.06;0.91;4.03;26.33
INTLPZU02618;8.97;-30.45;-5.50;-24.43;-;-;-14.06;0.91;4.03;26.33
MILESTONE;-14.75;-15.31;-30.67;-18.75;-;-;-114.31;31.56;-116.14;-
MILKILAND;-13.58;-14.98;-22.70;-44.49;-45.33;-82.06;-12.40;1.38;5.56;177.81
MILKPOL;-6.38;-6.38;-10.20;-48.84;-16.98;-71.05;13.97;0.82;10.15;4.86
INTLSLV01453;-16.04;48.97;21.95;50.62;-;-;-14.06;0.91;4.03;26.33
INTLUSD03731;36.69;-17.94;-13.07;-31.01;-;-;-14.06;0.91;4.03;26.33
MINERAL;-1.56;75.00;117.24;306.45;117.24;-10.00;87.29;2.27;26.91;6.81
INTLVOW03129;6.89;-16.75;-16.75;-15.16;-;-;-14.06;0.91;4.03;26.33
MINOX;-9.09;-16.67;-23.08;-16.67;-16.67;-85.71;1.20;0.60;1.30;21.92
INTLW2000265;7.51;-16.36;-10.50;-15.17;15.48;-;-14.06;0.91;4.03;26.33
INTLW2001180;7.14;-13.40;-2.33;-14.29;21.39;-;-14.06;0.91;4.03;26.33
MIRACULUM;-2.20;-6.98;-20.00;-11.11;0.00;-90.36;-6.46;1.10;12.67;21.09
INTLW2001750;8.57;-18.06;-0.98;-20.21;-;-;-14.06;0.91;4.03;26.33
MIRBUD;-4.20;-13.29;0.74;-11.04;38.38;-55.37;7.71;0.43;2.91;113.01
INTLW2001768;8.02;-12.61;-3.77;-1.62;-;-;-14.06;0.91;4.03;26.33
INTLW2002410;6.10;-28.03;-12.06;-45.28;-;-;-14.06;0.91;4.03;26.33
MiS80;-2.74;-7.99;-9.77;-15.47;1.16;2.75;7.71;0.43;2.91;18813.55
INTLW2002550;8.55;-33.47;-16.24;-14.51;-;-;-14.06;0.91;4.03;26.33
INTROL;-0.74;2.96;-2.79;0.13;14.12;51.52;11.19;1.66;6.77;213.11
MNI;-0.66;-11.24;-1.96;-14.77;18.11;-46.43;42.80;0.37;2.32;148.42
MOBRUK;-6.63;-31.58;6.96;-1.74;-64.61;-86.25;12.91;0.58;5.23;40.97
INTSDAX03210;-5.21;36.70;-26.38;-8.21;-;-;11.19;1.66;6.77;213.11
MODE;-6.35;-11.94;3.51;-11.94;11.32;-;8.82;3.80;8.69;3.61
INTSDAX03962;-5.36;15.27;-25.35;-22.83;-;-;11.19;1.66;6.77;213.11
INTSDAX05165;-3.82;12.46;-;-;-;-;11.19;1.66;6.77;213.11
MODECOM;4.15;26.76;4.03;-37.56;-0.28;-;5.09;1.02;3.18;21.48
MOL;1.57;-10.01;-7.47;-20.43;-34.05;-47.53;0.76;0.01;0.03;16200.45
INTSDOW03012;-19.21;-27.55;-51.87;-55.42;-;-;11.19;1.66;6.77;213.11
INTSDOW03988;-1.53;-16.33;-37.95;-37.22;-;-;11.19;1.66;6.77;213.11
MOMO;14.29;-5.88;-33.33;-27.27;-46.67;-62.79;-3.88;1.68;-4.36;4.16
INTSESX02972;13.79;29.10;-51.84;-51.84;-;-;11.19;1.66;6.77;213.11
MOSTALPLC;-0.75;-19.81;-30.73;-15.00;-29.88;-59.78;-1.66;0.60;-1.94;22.72
MOSTALWAR;-2.31;-7.13;-11.96;13.39;-0.39;-80.88;-0.36;0.49;-0.50;103.20
INTSGLD00620;8.96;-30.52;-16.45;-39.23;-39.14;-;11.19;1.66;6.77;213.11
MOSTALWRO;-3.69;11.15;-4.78;9.35;18.95;-;23.93;4.30;174.75;252.69
INTSGLD00638;11.27;-2.38;-3.47;-23.41;2.09;-;11.19;1.66;6.77;213.11
INTSGLD02576;23.30;-31.07;-13.49;-52.74;-;-;11.19;1.66;6.77;213.11
MPAY;-15.91;-7.50;117.65;270.00;60.87;-;-9.16;4.51;-9.13;19.71
INTSKGH02154;-4.33;-27.00;-48.21;-44.54;-;-;11.19;1.66;6.77;213.11
MSXRESOUR;0.39;-14.67;-21.23;13.78;-53.96;-90.80;-1.87;0.25;-89.61;34.95
INTSNKX04325;-27.06;-30.68;-48.39;-;-;-;11.19;1.66;6.77;213.11
INTSOPL04283;34.48;34.48;47.57;-;-;-;11.19;1.66;6.77;213.11
INTSPEO02766;-9.61;6.54;11.27;-16.62;-;-;11.19;1.66;6.77;213.11
INTSPEO02998;-1.92;3.22;8.24;-0.76;-;-;11.19;1.66;6.77;213.11
INTSPGE04986;-6.26;44.55;-;-;-;-;11.19;1.66;6.77;213.11
MUZA;-0.87;-5.03;0.29;-2.86;0.89;-47.77;47.30;0.34;2.54;9.70
MW20;-0.42;-8.69;-12.23;-29.52;-43.90;-61.97;47.30;0.34;2.54;9.70
INTSPKN03798;-26.75;-18.37;-1.72;-13.62;-;-;11.19;1.66;6.77;213.11
INTSPKO02980;-2.22;24.37;49.18;19.26;-;-;11.19;1.66;6.77;213.11
mWIG40;0.05;-4.40;-1.03;0.52;16.09;20.17;47.30;0.34;2.54;61505.51
INTSPZU03848;0.17;0.17;-16.57;-11.87;-;-;11.19;1.66;6.77;213.11
INTSRDX00851;30.87;18.35;-42.02;-5.67;-21.72;-;11.19;1.66;6.77;213.11
INTSSLV02584;5.22;-28.59;5.73;-18.91;-;-;11.19;1.66;6.77;213.11
MWTRADE;-5.00;-3.28;-12.49;-9.23;9.54;30.16;9.41;2.04;7.49;135.83
NANOTEL;4.53;29.26;21.53;39.18;173.12;119.91;21.55;2.89;2.61;6.81
INTSW2000737;-6.54;12.68;2.56;-6.98;-14.53;-;11.19;1.66;6.77;213.11
INTSW2000745;-4.79;14.78;0.20;-14.75;-10.77;-;11.19;1.66;6.77;213.11
INTSW2002808;-9.00;5.11;-4.79;-7.40;-;-;11.19;1.66;6.77;213.11
INTSW2003194;-4.52;12.67;-1.02;-6.50;-;-;11.19;1.66;6.77;213.11
INTSW2003525;-11.74;42.94;-3.72;-22.59;-;-;11.19;1.66;6.77;213.11
NCIndex;-0.43;0.93;-6.42;-7.36;9.66;515.76;21.55;2.89;2.61;1808.50
INVCEEFIZ;1.50;1.63;-2.17;-1.98;21.57;-25.05;11.19;1.66;6.77;213.11
NCIndex30;-1.20;-9.07;-22.51;-17.57;12.33;-;21.55;2.89;2.61;445.52
InvestorMS;-0.94;-5.53;-4.19;-6.86;7.88;3.26;11.19;1.66;6.77;76173.57
NETIA;-1.08;5.59;12.07;16.35;33.01;5.18;41.19;0.86;3.58;1927.43
INVFIZ;-2.21;-3.16;-4.09;-7.73;5.46;-61.04;11.19;1.66;6.77;76173.57
INVGLDFIZ;-1.70;3.94;-1.02;3.63;1.25;-37.58;11.19;1.66;6.77;76173.57
NETMEDIA;6.53;3.16;8.79;8.13;47.74;-44.77;12.89;0.67;8.70;43.62
INVISTA;-4.68;-7.82;6.67;3.70;-27.04;-24.07;-369.03;0.84;7.62;32.11
INVPEFIZ;3.47;8.35;5.65;-16.83;-9.25;-37.76;-369.03;0.84;7.62;32.11
NEUCA;-0.97;-4.77;-2.55;-12.16;30.56;242.25;11.20;2.24;8.53;1000.52
INVPRFIZ;-3.55;-13.76;-9.93;-11.37;-10.17;-32.76;-369.03;0.84;7.62;32.11
NEWAG;-1.79;-8.25;-9.35;-15.37;-;-;22.46;2.45;9.68;820.80
INWESTPL;4.35;14.29;-4.00;-14.29;-27.27;-72.73;7.31;0.60;6.76;1.89
IPERMFIZ;2.53;-3.92;-2.07;-14.46;-7.92;-7.92;7.31;0.60;6.76;1.89
NEWWORLDR;7.27;-59.59;-68.95;-83.52;-81.45;-98.53;-0.16;-0.57;-0.19;158.85
NFIEMF;-13.11;-15.94;-19.15;-40.11;-49.14;-37.54;-4.65;3.97;2.69;1110.66
IPOPEMA;-5.18;0.57;-3.45;-24.03;-29.58;-55.68;19.22;1.88;11.49;160.77
IQP;0.83;0.83;1.68;0.83;21.00;-57.39;3.84;0.70;1.78;27.05
IU;-2.01;7.35;-7.01;-21.51;-10.43;-;1.47;0.30;0.90;0.65
IVMX;1.05;2.40;2.40;-27.68;-32.63;-63.04;-17.15;0.26;225.99;47.91
JHMDEV;2.00;2.00;2.00;-7.27;15.91;-;10.44;0.36;4.90;63.75
JRINVEST;-1.06;11.46;20.05;-10.36;-1.68;-;7.96;0.76;6.27;18.21
JUPITER;-7.69;-20.00;-25.00;-37.93;-16.28;-69.75;10.68;0.13;-4.40;36.69
JWCONSTR;-2.94;-2.08;-5.71;-29.79;-27.95;-75.79;15.26;0.34;2.88;173.58
K2INTERNT;2.74;7.19;14.10;5.45;54.56;-43.62;-25.93;1.27;12.21;30.32
KANIA;-3.54;-7.20;-18.33;-27.94;-5.77;118.75;19.89;1.99;10.05;304.20
KBDOM;-2.25;-10.32;-15.18;-34.83;30.33;-90.93;6.03;0.16;9.43;38.81
KCI;33.33;33.33;-20.00;-20.00;0.00;-50.00;-2.76;0.55;-7.99;14.56
KERNEL;-3.23;-9.17;4.13;-25.94;-44.07;-58.54;-1703.00;1.82;12.22;2390.50
KETY;-0.82;7.87;10.71;7.34;54.18;109.02;12.29;1.78;8.27;2055.33
KGHM;0.36;5.21;17.52;16.13;17.75;-2.89;8.36;1.10;4.26;25390.00
KINOPOL;-10.33;-9.79;-32.28;-42.54;-15.18;100.41;14.79;3.84;10.08;281.46
KKHERBAL;36.84;62.50;48.57;4.00;100.00;-;25.51;1.83;16.70;1.40
KME;5.32;115.22;90.38;120.00;120.00;-;97.18;1.86;35.04;7.29
KOFOLA;0.77;0.06;-6.16;-4.95;30.07;31.72;-7.68;2.38;-132.68;920.40
KOGENERA;-7.82;-13.11;-8.06;16.26;8.66;-27.12;15.69;0.74;4.82;917.84
KOMPAP;3.47;-9.04;19.97;13.74;27.57;-26.75;6.99;0.72;4.74;35.06
KOMPLEKS;-5.11;4.84;10.17;46.07;73.33;-19.25;17.03;0.83;14.84;8.10
KONSSTALI;-0.25;-3.08;-6.96;-16.44;-11.33;-49.70;23.06;0.51;7.05;142.89
KOPEX;1.80;-9.89;-8.87;0.89;15.78;-46.37;10.17;0.33;3.25;828.06
KORBANK;-1.29;-4.38;4.79;-14.04;-8.93;-8.38;12.72;1.56;8.99;7.55
KREC;-0.14;4.38;6.34;3.94;21.18;167.39;28.17;2.19;9.36;119.96
KREDYTIN;-2.34;-2.29;-12.15;-4.28;25.10;61.27;5.49;1.35;2.58;245.79
KRKA;10.73;-0.27;10.81;14.63;38.52;-;59.42;7.71;31.92;10270.03
KRUK;-2.08;-5.29;11.40;9.28;43.88;126.79;12.97;3.33;8.48;1529.54
KRUSZWICA;7.95;9.66;2.89;7.13;125.67;-14.75;14.18;2.06;7.95;1513.46
KUPIEC;-5.77;-5.77;6.52;40.00;19.51;-;30.03;0.63;98.10;4.41
LANGLOO;-10.00;-10.00;-25.00;-18.18;0.00;-;6.50;0.71;2.41;1.94
LCCORP;-2.22;-19.63;-3.83;-1.12;4.14;40.80;10.64;0.66;8.89;783.23
LEASINGEX;43.18;86.21;143.87;113.56;-;-;38.20;8.49;28.50;7.18
LENA;-9.51;-14.71;-13.72;-9.07;16.30;119.53;10.04;1.01;6.48;92.29
LENTEX;-0.50;5.57;4.74;11.02;69.00;68.29;11.89;1.11;6.52;479.50
LEONIDAS;33.33;66.67;11.11;0.00;-20.00;-87.42;-1.45;0.62;-2.84;3.31
LETUS;10.00;10.00;0.00;-15.38;-8.33;-89.11;-1.68;0.25;-1.65;1.07
LGTRADE;9.52;17.95;-11.54;-16.36;-46.51;-;30.05;1.74;7.29;2.40
LIBET;-6.11;-8.18;-8.46;-8.46;13.18;-16.81;23.15;0.67;3.68;142.00
LIVECHAT;0.40;-2.36;-1.28;-;-;-;53.75;56.12;40.99;440.84
LMASFIZ;-2.19;-3.10;-6.02;-19.35;-3.70;0.31;53.75;56.12;40.99;440.84
LMDSFIZ;-3.63;-10.58;-17.94;-20.93;-;-;53.75;56.12;40.99;440.84
LOTOS;2.43;-1.14;-1.81;7.04;5.41;-4.67;31.55;0.53;5.47;4935.19
LOYD;-2.22;10.00;20.55;57.14;41.94;41.94;2.47;1.50;2.40;11.23
LPP;-1.88;-3.33;0.90;-10.80;22.26;280.90;35.92;9.60;17.90;14374.32
LSISOFT;0.14;-0.28;-4.10;-11.71;113.07;54.75;11.56;1.11;5.27;23.58
LSTECHHOM;8.22;5.33;-8.67;64.58;83.72;-;-15.64;4.99;51.60;29.57
LUBAWA;1.77;-2.54;-5.74;-31.55;-1.71;-17.27;45.22;0.61;7.76;125.66
LUG;-0.99;-12.64;17.94;19.70;17.25;-2.43;19.09;0.73;5.01;28.87
LZMO;-8.75;-21.17;-31.13;-35.74;98.37;-;5.11;1.92;-160.12;32.51
M10;-11.11;14.29;0.00;100.00;100.00;-;-3.07;3.25;-3.24;1.44
MABION;-4.71;-12.00;3.74;9.20;142.20;304.32;-115.99;8.67;-153.74;451.22
MADKOM;21.74;27.27;16.67;0.00;40.00;-;-72.43;3.39;47.32;14.20
MAGELLAN;-4.93;-7.33;-10.97;-13.69;-5.26;59.02;9.23;1.53;7.17;427.86
MAGNIFICO;-10.34;-10.34;-18.75;-7.14;-23.53;-76.99;-17.94;0.76;-17.94;0.99
MAKARONPL;-10.35;-1.59;2.36;11.60;27.35;-17.05;14.93;0.68;4.69;40.05
MAKOLAB;-0.85;20.83;84.13;101.74;91.74;96.61;28.35;3.02;13.54;16.41
MARKA;5.39;1.42;-0.92;7.50;-9.47;-;-2.00;1.83;-5.37;17.34
MARSOFT;7.69;16.67;-26.32;0.00;-30.00;-77.05;-2.44;0.79;-7.24;0.76
MARVIPOL;-2.80;-3.23;0.00;25.24;22.68;-28.03;19.49;1.07;6.63;265.93
MBANK;-0.41;-4.63;-3.49;1.23;28.66;66.07;16.63;2.05;12.65;20434.78
MBFGROUP;29.22;125.00;27.08;33.04;29.88;-;76.05;3.08;88.63;12.85
MCLOGIC;3.86;2.67;-4.49;10.96;8.87;25.90;13.92;2.75;6.19;76.30
MDEVELOP;-1.77;6.73;58.57;136.17;208.33;-45.05;-129.58;0.68;178.32;55.46
MED;26.00;5.88;-9.35;-61.88;-68.50;-;-9.05;2.05;-17.20;5.71
MEDIACAP;3.93;14.03;-2.46;98.13;131.39;317.11;22.81;6.49;14.01;49.51
MEDIATEL;3.70;12.00;18.31;10.53;147.06;-76.60;-56.66;125.42;-91.22;556.11
MEDICALG;-9.75;-20.44;-25.02;18.44;157.41;-;68.67;9.23;71.22;746.66
MEGASONIC;-0.50;-5.24;-35.81;-;-;-;37.52;2.31;9.89;2.55
MENNICA;0.65;2.44;0.95;-8.02;-13.25;27.34;6.53;1.06;8.66;704.92
MERA;-5.81;5.65;50.00;35.75;27.89;-39.25;26.09;0.43;3.75;24.52
MERCATOR;0.87;-10.26;-11.90;-20.94;-;-;14.54;1.75;7.12;99.83
MERCOR;-8.94;-8.22;-2.98;-15.10;13.67;32.31;4.50;0.42;6.67;121.04
MEXPOLSKA;-12.50;-16.27;-37.50;-1.13;56.25;-;6.08;1.12;3.02;10.80
MFO;-0.09;-3.73;-6.22;-6.87;-;-;11.07;1.49;7.88;65.88
MIDAS;5.77;-1.79;-15.38;-20.29;-32.93;-52.59;-3.94;1.07;-8.27;813.82
MIESZKO;-0.86;-2.53;-5.71;-16.59;-19.11;-19.49;9.26;0.73;2.76;140.58
MILESTONE;-14.75;-15.31;-30.67;-18.75;-;-;-114.31;31.56;-116.14;-
MILKILAND;-13.58;-14.98;-22.70;-44.49;-45.33;-82.06;-12.40;1.38;5.56;177.81
MILKPOL;-6.38;-6.38;-10.20;-48.84;-16.98;-71.05;13.97;0.82;10.15;4.86
MINERAL;-1.56;75.00;117.24;306.45;117.24;-10.00;87.29;2.27;26.91;6.81
MINOX;-9.09;-16.67;-23.08;-16.67;-16.67;-85.71;1.20;0.60;1.30;21.92
MIRACULUM;-2.20;-6.98;-20.00;-11.11;0.00;-90.36;-6.46;1.10;12.67;21.09
MIRBUD;-4.20;-13.29;0.74;-11.04;38.38;-55.37;7.71;0.43;2.91;113.01
MiS80;-2.74;-7.99;-9.77;-15.47;1.16;2.75;7.71;0.43;2.91;18821.69
MNI;-0.66;-11.24;-1.96;-14.77;18.11;-46.43;42.80;0.37;2.32;148.42
MOBRUK;-6.63;-31.58;6.96;-1.74;-64.61;-86.25;12.91;0.58;5.23;40.97
MODE;-6.35;-11.94;3.51;-11.94;11.32;-;8.82;3.80;8.69;3.61
MODECOM;4.15;26.76;4.03;-37.56;-0.28;-;5.09;1.02;3.18;21.48
MOL;1.57;-10.01;-7.47;-20.43;-34.05;-47.53;0.76;0.01;0.03;16200.45
MOMO;14.29;-5.88;-33.33;-27.27;-46.67;-62.79;-3.88;1.68;-4.36;4.16
MOSTALPLC;-0.75;-19.81;-30.73;-15.00;-29.88;-59.78;-1.66;0.60;-1.94;22.72
MOSTALWAR;-2.31;-7.13;-11.96;13.39;-0.39;-80.88;-0.36;0.49;-0.50;103.20
MOSTALWRO;-3.69;11.15;-4.78;9.35;18.95;-;23.93;4.30;174.75;252.69
MPAY;-15.91;-7.50;117.65;270.00;60.87;-;-9.16;4.51;-9.13;19.71
MSXRESOUR;0.39;-14.67;-21.23;13.78;-53.96;-90.80;-1.87;0.25;-89.61;34.95
MUZA;-0.87;-5.03;0.29;-2.86;0.89;-47.77;47.30;0.34;2.54;9.70
MW20;-0.42;-8.69;-12.23;-29.52;-43.90;-61.97;47.30;0.34;2.54;9.70
mWIG40;0.05;-4.40;-1.03;0.52;16.09;20.17;47.30;0.34;2.54;61495.84
MWTRADE;-5.00;-3.28;-12.49;-9.23;9.54;30.16;9.41;2.04;7.49;135.83
NANOTEL;4.53;29.26;21.53;39.18;173.12;119.91;21.55;2.89;2.61;6.81
NCIndex;-0.43;0.93;-6.42;-7.36;9.66;515.76;21.55;2.89;2.61;1805.60
NCIndex30;-1.20;-9.07;-22.51;-17.57;12.33;-;21.55;2.89;2.61;444.31
NETIA;-1.08;5.59;12.07;16.35;33.01;5.18;41.19;0.86;3.58;1927.43
NETMEDIA;6.53;3.16;8.79;8.13;47.74;-44.77;12.89;0.67;8.70;43.62
NEUCA;-0.97;-4.77;-2.55;-12.16;30.56;242.25;11.20;2.24;8.53;1000.52
NEWAG;-1.79;-8.25;-9.35;-15.37;-;-;22.46;2.45;9.68;820.80
NEWWORLDR;7.27;-59.59;-68.95;-83.52;-81.45;-98.53;-0.16;-0.57;-0.19;158.85
NFIEMF;-13.11;-15.94;-19.15;-40.11;-49.14;-37.54;-4.65;3.97;2.69;1110.66
NFPL;-23.40;-45.45;-25.00;-48.57;-81.44;-;10.94;0.52;1.29;4.60
NOKAUT;-0.81;1.65;-12.14;-26.79;-56.38;-;-45.38;0.56;55.05;9.30
NOVAVIS;4.94;10.39;-25.44;-4.49;-23.42;-;22.05;1.50;15.48;2.34
NOVITA;-0.65;10.22;14.77;13.99;19.16;104.46;13.47;1.16;6.08;88.75
NOWAGALA;-8.33;-13.57;-14.18;-26.22;-6.92;-43.98;-41.08;0.33;4.50;67.34
NTTSYSTEM;-4.76;-4.76;-9.09;-10.45;-14.29;-31.03;15.73;0.27;4.66;33.24
ODLEWNIE;1.82;-6.67;-6.28;-8.94;17.28;-8.20;8.77;1.56;3.50;45.46
ONE2ONE;-11.11;-20.00;-36.00;-27.27;-27.27;-96.48;-0.37;-0.04;-1.47;1.12
ONICO;0.07;46.38;51.54;54.50;119.39;1088.26;11.85;7.45;6.72;92.13
OPENFIN;-2.79;-19.19;-37.74;-52.94;-36.10;-56.00;8.21;0.97;4.37;413.11
OPENNET;-4.51;-11.07;-38.52;86.40;167.82;-;8.84;0.85;8.19;5.63
OPERA3GR;-2.72;-2.72;1.19;5.96;4.25;-7.03;8.84;0.85;8.19;5.63
OPONEO.PL;1.58;-2.94;6.71;36.01;63.45;-0.62;51.34;2.48;15.17;174.20
OPTEAM;-18.44;-16.56;-31.72;-29.12;-29.50;23.81;18.36;1.92;7.25;45.77
ORANGEPL;-0.31;-2.55;-2.85;-0.93;25.99;-31.79;26.03;0.98;3.15;12533.01
ORBIS;0.24;-0.26;6.96;5.12;25.65;28.61;30.96;0.98;9.92;1889.16
ORCOGROUP;-7.22;-21.74;-27.13;-75.97;-81.19;-93.80;-0.92;0.79;83.53;208.40
ORGANIC;0.23;3.16;10.25;8.62;-11.80;-46.87;332.33;2.48;23.47;36.89
ORIONINV;-0.36;4.67;21.73;12.06;59.76;25.50;272.10;2.20;100.83;42.45
ORPHEE;-8.54;-21.05;-36.44;-51.86;-52.59;-;34.80;2.54;43.29;94.99
ORZBIALY;-3.30;-21.15;-24.07;-44.41;-30.92;-60.29;-7.78;0.57;-6.76;135.20
ORZLOPONY;-5.13;12.12;-17.78;-26.00;-68.38;-90.86;-0.70;0.45;11.90;2.92
OTLOG;1.00;-1.94;-16.64;-20.15;-;-;10.61;1.16;4.02;288.39
OTMUCHOW;1.14;-4.09;15.28;-7.77;-3.05;-23.74;18.16;0.80;5.49;112.18
OVOSTAR;-1.40;-4.17;0.00;-25.01;-6.64;26.47;13.39;2.94;11.31;409.50
OW20C152400;18.63;100.47;233.89;-;-;-;13.39;2.94;11.31;409.50
OW20C152500;-2.52;-41.97;-50.51;-;-;-;13.39;2.94;11.31;409.50
OW20C152600;1.18;-67.78;-74.91;-;-;-;13.39;2.94;11.31;409.50
OW20C152700;-14.02;-64.77;-75.94;-;-;-;13.39;2.94;11.31;409.50
OW20C152800;-15.79;-60.32;-76.88;-;-;-;13.39;2.94;11.31;409.50
OW20F152000;5.57;-;-;-;-;-;13.39;2.94;11.31;409.50
OW20F152500;11.87;-;-;-;-;-;13.39;2.94;11.31;409.50
OW20F152600;-2.70;-;-;-;-;-;13.39;2.94;11.31;409.50
OW20F152700;4.17;-;-;-;-;-;13.39;2.94;11.31;409.50
OW20F152900;-21.03;-;-;-;-;-;13.39;2.94;11.31;409.50
OW20I142100;7.13;7.13;91.27;91.27;-;-;13.39;2.94;11.31;409.50
OW20I142150;9.52;-;-;-;-;-;13.39;2.94;11.31;409.50
OW20I142200;31.36;179.07;487.40;546.72;-;-;13.39;2.94;11.31;409.50
OW20I142250;63.12;-;-;-;-;-;13.39;2.94;11.31;409.50
OW20I142300;116.25;2370.30;16815.25;26163.16;-;-;13.39;2.94;11.31;409.50
OW20I142350;111.07;-;-;-;-;-;13.39;2.94;11.31;409.50
OW20I142400;93.61;1658.93;131233.33;196900.00;-;-;13.39;2.94;11.31;409.50
OW20I142450;5.28;-;-;-;-;-;13.39;2.94;11.31;409.50
OW20I142500;1.09;-67.84;-5.66;-19.50;-;-;13.39;2.94;11.31;409.50
OW20I142550;-11.02;-;-;-;-;-;13.39;2.94;11.31;409.50
OW20I142600;-11.62;-75.80;-99.56;-99.99;-;-;13.39;2.94;11.31;409.50
OW20I142650;31.82;-;-;-;-;-;13.39;2.94;11.31;409.50
OW20I142700;63.29;3.20;-31.02;-96.55;-;-;13.39;2.94;11.31;409.50
OW20I142750;75.00;-;-;-;-;-;13.39;2.94;11.31;409.50
OW20I142800;527.27;-;-;-;-;-;13.39;2.94;11.31;409.50
OW20I142900;2750.00;-;-;-;-;-;13.39;2.94;11.31;409.50
OW20I143000;1233.33;-;-;-;-;-;13.39;2.94;11.31;409.50
OW20L142300;40.24;350.25;651.66;2854.45;-;-;13.39;2.94;11.31;409.50
OW20L142400;34.80;136.03;1193.93;7675.70;-;-;13.39;2.94;11.31;409.50
OW20L142500;-17.40;-77.72;-73.78;-70.36;-;-;13.39;2.94;11.31;409.50
OW20L142600;-19.37;-90.78;-96.22;-96.22;-;-;13.39;2.94;11.31;409.50
OW20L142700;-12.13;-95.57;-98.83;-99.56;-;-;13.39;2.94;11.31;409.50
OW20L142800;-34.55;-96.60;-99.95;-99.98;-;-;13.39;2.94;11.31;409.50
OW20L142900;-83.10;-99.87;-100.00;-;-;-;13.39;2.94;11.31;409.50
OW20O152000;-18.33;-55.74;-67.64;-;-;-;13.39;2.94;11.31;409.50
OW20O152100;-6.32;-15.49;-31.73;-;-;-;13.39;2.94;11.31;409.50
OW20O152300;-44.15;-47.60;-47.28;-;-;-;13.39;2.94;11.31;409.50
OW20O152400;-12.47;-43.95;-58.75;-;-;-;13.39;2.94;11.31;409.50
OW20R152000;-3.81;-;-;-;-;-;13.39;2.94;11.31;409.50
OW20R152100;-2.88;-;-;-;-;-;13.39;2.94;11.31;409.50
OW20R152900;-2.24;-;-;-;-;-;13.39;2.94;11.31;409.50
OW20U142000;3.38;-25.68;-91.69;-95.52;-;-;13.39;2.94;11.31;409.50
OW20U142050;-14.87;-;-;-;-;-;13.39;2.94;11.31;409.50
OW20U142100;-22.87;-34.86;-85.07;-96.25;-;-;13.39;2.94;11.31;409.50
OW20U142150;-14.96;-;-;-;-;-;13.39;2.94;11.31;409.50
OW20U142200;-22.48;-6.29;-73.62;-77.84;-;-;13.39;2.94;11.31;409.50
OW20U142250;-25.79;-;-;-;-;-;13.39;2.94;11.31;409.50
OW20U142300;-25.15;-20.82;-36.02;-43.97;-;-;13.39;2.94;11.31;409.50
OW20U142350;-19.95;-;-;-;-;-;13.39;2.94;11.31;409.50
OW20U142400;-37.48;-87.32;-96.14;-97.34;-;-;13.39;2.94;11.31;409.50
OW20U142450;-26.52;-;-;-;-;-;13.39;2.94;11.31;409.50
OW20U142500;-28.37;-84.75;-96.40;-97.07;-;-;13.39;2.94;11.31;409.50
OW20U142700;-6.21;-40.01;-61.24;-61.38;-;-;13.39;2.94;11.31;409.50
OW20U142800;-3.38;-36.80;-46.25;-48.69;-;-;13.39;2.94;11.31;409.50
OW20X142000;-36.05;-45.22;-74.58;-88.69;-;-;13.39;2.94;11.31;409.50
OW20X142100;-14.82;-24.35;-64.72;-70.87;-;-;13.39;2.94;11.31;409.50
OW20X142200;-13.19;6.75;-93.36;-94.39;-;-;13.39;2.94;11.31;409.50
OW20X142300;-9.80;-37.72;-57.22;-57.57;-;-;13.39;2.94;11.31;409.50
OW20X142400;-26.08;-59.20;-84.78;-97.00;-;-;13.39;2.94;11.31;409.50
PAGED;-0.72;-7.38;10.89;0.45;110.27;145.67;9.20;1.24;5.87;550.33
PANOVA;7.01;-1.73;6.25;-1.73;-10.91;-35.84;10.45;0.58;5.12;162.00
PARTNER;-20.00;-20.00;-20.00;-42.86;-55.56;-;19.35;0.35;4.29;2.40
PATENTUS;-3.97;-3.97;-19.89;-40.33;-22.04;-41.30;7.32;0.45;3.50;43.07
PBG;-22.04;-28.57;-34.09;-32.56;-33.18;-98.97;0.08;-0.04;0.06;20.87
PBOANIOLA;3.13;-8.33;-35.92;-45.45;-55.10;-89.25;-0.35;0.26;-0.40;4.95
PBSFINANSE;2.56;-4.08;14.94;14.29;11.11;-54.90;-263.78;16.10;-177.08;417.03
PCCINTER;-3.45;-10.26;-27.08;-4.76;21.74;-82.80;230.56;1.47;22.63;108.59
PCM;-0.48;-2.79;-5.45;-;-;-;11.10;1.06;2.63;488.26
PEGAS;-0.05;3.55;2.70;1.44;7.63;43.52;604.39;6.79;22.12;852.80
PEIXIN;-4.11;-14.60;-20.31;-26.67;-;-;12.61;4.71;9.84;198.90
PEKAES;-1.26;-19.53;-2.86;13.11;66.89;85.09;17.96;1.04;11.74;302.77
PEKAO;1.77;-1.06;-2.97;4.36;19.35;24.79;16.86;1.92;15.51;46745.91
PELION;-5.72;-11.70;-11.83;-19.82;-9.47;65.05;8.02;1.35;4.89;803.11
PEP;1.64;-5.34;-15.04;-11.08;-3.88;-9.56;94.07;1.20;12.90;617.89
PEPEES;-3.92;-12.50;-7.55;-3.92;-19.67;-48.96;-1082.56;0.50;4.84;46.55
PFH;-7.44;-9.75;-40.03;-48.43;-48.43;-56.45;-5.80;2.79;-7.00;19.52
PFMEDICAL;7.50;-21.53;74.32;158.00;1105.61;-;-180.67;12.23;-1925.37;129.00
PGE;0.25;-7.51;1.34;23.56;47.97;9.59;9.97;0.86;4.99;38236.61
PGNIG;1.17;1.96;22.88;3.99;-12.88;22.30;15.17;1.04;5.28;30739.00
PGODLEW;1.91;3.45;-17.95;-3.61;53.85;-;20.86;2.34;11.53;452.61
PGSSOFT;-2.06;-9.03;8.94;40.86;94.07;598.67;21.27;15.78;17.16;149.30
PHARMENA;-4.39;-13.01;-11.03;-9.71;70.58;-34.01;-47.15;7.43;-113.11;134.04
PHN;-4.75;-18.29;-17.80;-8.57;-6.19;-;10.26;0.51;-205.25;1026.23
PHOTON;17.19;2.74;-40.00;-56.40;-63.94;-;-7.48;1.40;11.32;37.50
PIK;3.30;-14.45;-0.90;15.26;-;-;35.23;7.22;27.64;12.05
PILAB;-3.91;1.37;24.21;-9.16;104.86;-;-16.88;15.22;-16.88;21.09
PKNORLEN;2.15;2.62;1.43;4.92;-8.53;-6.38;198.18;0.65;7.49;18258.90
PKOBL1;1.54;0.75;1.34;1.24;3.57;3.82;198.18;0.65;7.49;18258.90
PKOBP;1.44;-2.15;-7.74;-3.51;9.34;8.76;14.88;1.91;10.66;48437.50
PKOGS;-0.93;-3.46;-2.08;-0.54;-;-;14.88;1.91;10.66;48437.50
PKOSO;0.04;0.13;1.22;-;-;-;14.88;1.91;10.66;48437.50
PKPCARGO;-4.24;-8.00;-14.33;-13.71;-;-;43.61;0.92;6.65;3269.44
PLANETSOF;6.10;89.13;-17.92;47.46;-4.40;-;13.10;1.47;7.50;2.79
PLASMA;-2.75;-6.94;-8.42;-26.37;-18.50;44.66;7.21;1.03;3.37;35.59
PLASTBOX;-2.49;-0.84;7.31;-17.83;9.30;5.86;15.88;1.18;5.76;107.51
PLATIGE;8.70;-12.28;-14.60;-30.99;-55.32;-;1178.84;1.29;6.21;31.83
POINTGROUP;-5.88;-15.79;-13.51;-15.79;60.00;-70.91;4.42;1.73;3.02;33.22
POLCOLORIT;-3.00;-3.96;-7.62;-11.82;-3.00;-66.55;-2.83;0.18;24.94;17.39
POLFA;-8.82;9.15;-20.51;-18.42;49.04;-;-1.38;-1.96;-1.55;11.00
POLICE;-5.18;-3.61;13.96;12.82;-8.62;91.89;32.77;1.58;11.88;1686.75
POLIMEXMS;-12.50;-12.50;-30.00;-46.15;-63.16;-97.44;-0.42;0.37;-0.69;117.39
POLMED;-1.81;-1.81;-14.90;-19.33;0.46;-10.33;21.45;1.77;11.17;62.09
POLNA;6.11;7.35;14.16;27.99;85.30;159.46;11.34;1.08;5.51;35.25
POLNORD;-7.76;-13.48;-14.78;-15.32;15.53;-67.07;54.46;0.19;10.94;259.11
POLTRONIC;-30.30;-34.29;-43.90;-54.00;-58.93;-90.98;-9.29;0.39;4.42;1.72
POZBUD;-1.73;-14.02;-8.84;-9.20;21.72;13.22;11.20;0.81;6.82;120.48
PPG;-6.80;2.78;-52.13;-69.17;-57.03;-86.43;1.29;0.14;1.00;50.99
PRAGMAFA;-0.47;-5.43;-10.03;-14.10;-14.94;27.81;11.01;1.02;5.76;37.98
PRAGMAINK;3.63;-2.41;21.55;3.30;-1.95;-15.49;14.75;0.98;4.44;58.92
PREMFOOD;3.33;3.33;63.16;-32.97;65.33;22.77;27.26;5.49;6.76;7.01
PRIMAMODA;0.62;-3.55;-5.78;-9.44;10.14;-75.27;-1.49;0.81;-5.54;5.22
PROCAD;3.54;0.86;-2.50;0.00;10.38;-19.86;11.63;0.66;6.57;10.55
PROCHEM;0.96;-1.19;-3.25;-15.26;-7.45;10.15;-2577.57;0.73;54.71;87.64
PROCHNIK;-14.35;-18.64;-31.42;-46.25;-23.50;-58.94;12.44;0.92;14.87;59.38
PROGRES;129.70;226.72;170.71;279.00;-62.10;-;-1.93;0.63;-4.76;16.87
PROJPRZEM;-5.94;-7.00;-23.14;-20.17;-12.68;-23.61;11.31;0.40;6.72;43.67
PROLOG;-0.99;1.39;-30.01;-21.72;41.84;-;3.72;1.84;2.81;7.91
PROTEKTOR;0.31;-9.89;-0.93;4.59;3.57;-26.50;12.59;1.02;5.02;60.68
PRYMUS;-0.76;23.81;39.78;24.60;53.54;-;17.35;3.07;23.88;40.00
PTI;-0.25;-6.51;-8.25;-8.76;-7.62;62.56;5.31;1.60;4.03;258.10
PULAWY;-0.42;-2.92;2.07;-2.86;9.03;60.20;8.94;1.09;5.71;2730.58
PYLON;9.09;4.35;4.35;14.29;-;-;6.55;1.36;5.03;1.60
PZU;1.46;-3.63;1.85;2.17;13.34;48.68;11.40;2.86;20.35;37779.13
QUANTUM;-2.17;-3.33;-1.22;-3.56;8.27;-47.81;-28.49;0.50;5.76;6.01
QUART;15.38;15.38;0.00;0.00;-0.33;-;41.17;1.37;24.16;38.49
QUERCUS;-8.87;-22.83;-31.32;-28.22;6.94;131.86;8.17;5.72;6.74;365.89
QUMAK;-4.60;-2.97;-5.64;-5.29;15.78;5.92;18.43;1.61;13.46;134.88
RADPOL;-4.67;-2.06;-3.94;-12.13;9.89;11.86;15.51;2.50;8.28;254.37
RAINBOW;-2.70;-16.46;-12.52;10.66;100.00;192.74;14.95;4.12;11.91;204.02
RAJDY4X4;14.29;45.45;45.45;14.29;-73.33;-91.21;-1.18;0.39;-4.97;1.06
RANKPROGR;0.58;-8.80;-17.25;-14.94;-33.93;-55.73;-17.05;0.42;12.70;187.03
RAWLPLUG;-3.48;-16.06;-21.12;-11.68;20.87;-21.99;31.82;0.81;5.37;298.58
RCCOFAOPEN;-16.57;-16.57;-24.43;16.93;1.71;-49.40;31.82;0.81;5.37;298.58
RCCORAOPEN;-6.14;-18.46;-26.97;-16.61;-34.65;-24.92;31.82;0.81;5.37;298.58
RCCRUAOPEN;-0.56;-4.20;-0.51;3.80;-0.72;25.40;31.82;0.81;5.37;298.58
RCFL3FDX;-0.58;-5.02;10.45;-;-;-;31.82;0.81;5.37;298.58
RCFL3GOLD;-6.96;7.99;0.80;13.13;-7.78;-;31.82;0.81;5.37;298.58
RCFL3KGH;1.27;13.94;38.64;-;-;-;31.82;0.81;5.37;298.58
RCFL3OIL;-2.94;-4.02;-3.34;7.77;8.99;-;31.82;0.81;5.37;298.58
RCFL3OPL;1.43;-16.49;-15.76;-;-;-;31.82;0.81;5.37;298.58
RCFL3PKN;11.31;10.71;-3.98;-8.12;-38.82;-;31.82;0.81;5.37;298.58
RCFL3PKO;-1.74;-14.35;-31.98;-27.93;18.94;-;31.82;0.81;5.37;298.58
RCFL3PZU;7.64;-9.47;3.51;-3.67;4.13;-;31.82;0.81;5.37;298.58
RCFL3RTX;-9.13;-9.13;-9.13;-;-;-;31.82;0.81;5.37;298.58
RCFL3SBN;-19.73;-19.73;-69.83;-;-;-;31.82;0.81;5.37;298.58
RCFL3SILVE;-9.31;18.86;16.22;10.62;-8.50;-;31.82;0.81;5.37;298.58
RCFL3W20;4.16;-8.43;-0.44;-0.33;9.52;-;31.82;0.81;5.37;298.58
RCFL4ESX;-1.34;-15.18;4.68;5.69;99.91;-;31.82;0.81;5.37;298.58
RCFS3GOLD;-15.68;-15.68;-3.16;-21.10;-28.29;-;31.82;0.81;5.37;298.58
RCFS3OIL;0.63;3.29;0.04;-9.18;-32.90;-;31.82;0.81;5.37;298.58
RCFS3PEO;-12.38;5.81;1.89;-34.69;-63.58;-;31.82;0.81;5.37;298.58
RCFS3PGE;-7.48;24.32;-20.09;-;-;-;31.82;0.81;5.37;298.58
RCFS3W20;-2.36;8.07;-0.55;-8.24;-26.11;-;31.82;0.81;5.37;298.58
RCFS4ESX;-0.52;10.24;-13.88;-16.37;-61.50;-;31.82;0.81;5.37;298.58
RCGBSH11217;0.58;0.58;3.19;-;-;-;31.82;0.81;5.37;298.58
RCGLDAOPEN;-1.32;3.91;1.74;4.99;-3.73;-9.84;31.82;0.81;5.37;298.58
RCKGH11214;1.31;3.02;8.30;9.72;-;-;31.82;0.81;5.37;298.58
RCNDXAOPEN;1.23;3.49;7.47;10.96;23.78;74.27;31.82;0.81;5.37;298.58
RCNMBAOPEN;-1.93;5.84;5.23;8.52;-0.32;-15.57;31.82;0.81;5.37;298.58
RCPGE10215;0.08;0.63;2.93;8.02;-;-;31.82;0.81;5.37;298.58
RCPKN10315;1.93;0.06;10.33;3.85;-;-;31.82;0.81;5.37;298.58
RCRCKGH11114;20.60;20.60;20.60;-;-;-;31.82;0.81;5.37;298.58
RCSCEAOPEN;-0.22;3.14;-1.23;-5.01;-20.82;-10.91;31.82;0.81;5.37;298.58
RCSCRAOPEN;2.79;6.83;3.36;-2.72;-13.14;-21.33;31.82;0.81;5.37;298.58
RCSDAXOPEN;-0.66;1.74;-5.93;-0.96;-18.15;-;31.82;0.81;5.37;298.58
RCSDGP0717;-0.14;1.09;7.60;9.79;-;-;31.82;0.81;5.37;298.58
RCSILAOPEN;-1.75;6.13;7.43;2.62;1.43;-40.19;31.82;0.81;5.37;298.58
RCSUGAOPEN;-1.11;-6.51;-9.00;-1.11;-20.82;-39.95;31.82;0.81;5.37;298.58
RCSWRAOPEN;-1.11;-6.51;-9.00;-1.11;-20.82;-39.95;31.82;0.81;5.37;298.58
RCTLBZW002;-38.71;-38.71;-;-;-;-;31.82;0.81;5.37;298.58
RCTLCORN01;-13.48;-34.21;-48.51;-32.66;-53.56;-;31.82;0.81;5.37;298.58
RCTLPGE005;4.06;33.42;33.42;62.33;156.99;-;31.82;0.81;5.37;298.58
RCTLPGN004;7.75;6.99;68.13;-32.89;-45.16;-;31.82;0.81;5.37;298.58
RCTLPKN004;24.86;65.41;65.41;11.00;-6.38;-;31.82;0.81;5.37;298.58
RCTLPZU004;1.63;1.63;1.63;-10.02;32.72;-;31.82;0.81;5.37;298.58
RCTLSUG007;1.15;-19.27;-47.31;-55.33;-55.33;-;31.82;0.81;5.37;298.58
RCTLW20006;9.06;-16.79;-7.67;0.60;36.44;-;31.82;0.81;5.37;298.58
RCTLW20007;17.37;-5.91;-7.47;-3.88;21.20;-;31.82;0.81;5.37;298.58
RCTLW20009;5.38;-27.69;-;-;-;-;31.82;0.81;5.37;298.58
RCTLWIG001;2.58;-6.85;-6.85;-6.85;29.35;-;31.82;0.81;5.37;298.58
RCTLWIG002;1.45;1.45;1.45;-6.39;24.26;-;31.82;0.81;5.37;298.58
RCTSOIL008;13.57;72.51;-7.55;-16.33;-32.80;-;31.82;0.81;5.37;298.58
RCTSW20013;-6.64;30.09;-11.64;-19.48;-39.70;-;31.82;0.81;5.37;298.58
RCTSW20014;-8.15;20.00;-11.22;-27.34;-44.81;-;31.82;0.81;5.37;298.58
RCTSWHT004;10.82;10.82;49.12;49.12;49.12;-;31.82;0.81;5.37;298.58
RCTVBAOPEN;4.71;4.71;14.23;25.27;-1.10;36.21;31.82;0.81;5.37;298.58
RCTWW20002;1.03;4.17;6.33;13.32;13.32;-;31.82;0.81;5.37;298.58
RCWHTAOPEN;-0.27;-10.18;-26.47;-9.96;-28.91;-35.06;31.82;0.81;5.37;298.58
RCWKGHM5100;-26.32;-51.72;-69.89;-;-;-;31.82;0.81;5.37;298.58
RCWKGHM5120;-13.13;-99.32;-99.32;-;-;-;31.82;0.81;5.37;298.58
READGENE;3.85;8.87;-10.60;37.76;-10.00;-58.72;-22.97;5.63;-26.22;15.92
REDAN;-0.58;-10.53;-24.11;-20.56;41.67;-73.77;11.02;1.01;3.06;45.79
REDWOOD;-1.37;-1.37;-10.00;-31.43;-8.86;-64.36;17.45;0.23;2.15;18.36
REINHOLD;-10.71;-19.35;-20.63;-15.25;72.41;-85.34;-0.30;-0.21;-0.76;3.22
RELPOL;-3.73;-9.54;-9.66;-18.97;-16.23;64.96;12.20;0.87;5.19;62.46
REMEDIS;15.00;4.55;-14.81;-23.33;91.67;-85.89;-126.60;1.80;-116.47;14.56
RESBUD;-0.66;0.53;-22.51;11.87;127.11;-27.98;12.29;2.23;-32.36;17.69
RESPECT;0.79;-2.47;3.70;7.11;12.07;8.94;12.29;2.23;-32.36;93721.60
REVITUM;-2.00;-7.55;-20.00;-37.78;-11.71;-;5.79;2.69;3.94;2.54
ROBINSON;-0.84;4.61;9.26;4.61;-2.64;-17.13;-26.23;2.12;56.63;9.23
ROBYG;-1.36;-6.87;-13.20;-3.98;32.32;32.32;21.99;1.27;9.92;573.98
ROCCA;-43.33;-24.11;174.19;203.57;136.11;-48.80;-44.64;7.10;129.31;8.79
RONSON;1.35;1.35;-12.79;-26.83;9.49;20.00;28.80;0.86;25.23;405.82
ROPCZYCE;-0.40;-23.17;-16.03;-13.37;13.07;62.71;6.30;0.43;3.04;91.61
ROTOPINO;-7.14;8.33;6.56;9.70;7.00;19.82;85.81;2.23;85.81;26.00
ROVESE;1.57;-9.15;-7.86;-38.57;-30.27;-75.75;-16.89;0.61;5.08;1046.76
RUBICON;-0.80;-29.66;-32.70;-36.15;-51.84;-95.26;-0.32;0.19;-2.20;9.17
RUCHCHORZ;-17.39;-5.00;-24.00;-36.67;-51.28;-89.44;-0.23;-0.22;-0.35;3.55
RUNICOM;18.66;-7.12;-42.33;-50.40;-47.68;-77.86;-2.59;-11.40;-6.23;8.69
SANOK;-0.63;-0.98;-2.27;-5.13;42.94;314.02;13.86;3.03;7.77;1048.66
SANWIL;5.00;5.00;-8.70;-4.55;-4.55;-71.23;-10.27;0.19;10.57;10.02
SAPLING;6.67;-11.11;3.23;18.52;-;-;60.61;1.58;30.56;10.73
SARE;6.63;6.63;102.59;77.02;94.66;25.75;26.58;2.84;14.51;12.12
SCANMEDMM;-8.31;-6.76;-15.54;-44.78;-18.74;-;68.38;1.11;6.26;105.92
SCOPAK;-7.79;-10.13;18.33;-29.70;-52.67;-84.22;-2.33;1.38;149.63;34.57
SECOGROUP;-0.83;-9.46;-0.95;-43.98;-44.65;-29.70;18.49;0.96;10.93;256.54
SEKA;8.86;6.69;35.32;-6.05;3.69;-;42.06;1.00;18.70;23.68
SELVITA;-4.10;7.50;-31.83;4.37;388.64;97.61;-49.36;36.24;-55.33;117.19
SERINUS;-5.69;-18.78;-24.56;-34.08;-22.67;-;-7.67;3.09;6.65;533.90
SETANTA;3.23;3.90;105.13;133.58;66.67;-;-475.39;3.91;290.85;68.93
SFD;3.33;-26.19;-19.83;5.68;232.14;-;115.19;3.89;60.06;44.92
SFINKS;1.28;-3.66;0.00;-6.51;-5.39;-69.50;-11.10;-0.79;3.43;41.47
SFKPOLKAP;-0.29;3.27;-11.25;-22.72;12.30;-;7.88;0.80;5.76;15.79
SILVANO;-3.88;1.18;-0.13;-24.39;-27.25;-30.66;30.35;4.52;14.72;282.50
SIMPLE;9.81;1.32;2.68;15.47;19.38;52.75;8.93;2.72;5.46;40.21
SKOK;-2.85;0.84;-0.83;-17.30;-4.78;-28.01;28.40;1.28;14.43;446.45
SKOTAN;-3.42;-17.54;-9.62;-42.68;-43.60;-33.18;300.98;1.57;30.28;73.44
SKYLINE;-1.00;-13.16;-16.10;-42.44;-25.00;-70.88;-4.90;0.25;-5.32;9.90
SMOKESHOP;-6.25;-28.57;-23.08;-21.05;-41.18;-86.11;-4.44;1.80;-28.03;0.98
SNIEZKA;1.08;1.62;4.57;-21.05;-19.56;34.03;10.34;2.20;6.06;458.66
SOBIESKI;12.37;1.10;-3.05;-4.11;7.82;-83.30;2.42;0.92;-91.04;134.56
SOLAR;-6.00;-16.37;-21.14;-37.00;-47.54;-;23.19;0.51;8.68;69.90
SONEL;6.15;-12.66;-18.82;-18.63;15.00;59.72;13.52;1.53;6.70;98.00
SRNFIZ;0.80;-2.27;-5.15;-6.78;-29.54;-39.41;13.52;1.53;6.70;98.00
STALPROD;-0.20;-3.83;-11.06;-0.69;26.98;-33.28;18.49;0.77;6.42;1345.00
STALPROFI;-1.73;-5.24;-20.40;-32.26;0.95;-17.13;18.63;0.81;7.43;278.60
STANDREW;6.33;15.94;26.34;68.07;120.99;-;49.03;12.51;21.68;30.20
STANUSCH;-2.01;-9.16;227.32;217.50;504.76;41.43;-58.27;27.08;-67.70;9.21
STAPORKOW;-5.52;-5.25;-15.21;-37.22;-36.47;5.67;52.40;1.78;14.71;73.05
STEMCELLS;45.54;13.08;1.38;-18.33;-17.42;-;730.29;4.89;105.30;22.64
STOPKLA;-4.68;-9.79;11.19;49.46;759.38;1122.22;-29.35;74.93;-43.96;37.54
SUNEX;-4.55;20.00;5.00;90.91;90.91;-;86.85;3.54;24.28;68.18
SUNTECH;-7.14;-20.41;-9.30;-22.00;21.88;-27.78;-5.32;6.48;-7.13;6.06
SWISSPSM;-12.50;-31.15;-26.32;-45.45;-53.33;-78.46;-0.67;-1.66;-1.54;1.71
SYGNITY;1.22;1.65;-0.89;-10.93;-10.74;-30.30;12.22;0.89;3.95;197.67
SYNEKTIK;-0.57;-4.53;-16.53;-4.75;60.83;-;21.06;3.18;12.55;178.77
SYNTHOS;-2.44;-3.30;-9.67;-14.42;8.40;12.28;14.03;2.55;9.66;5809.07
TALANX;6.69;1.85;-;-;-;-;36.49;2.48;7.33;27807.74
TALEX;-2.19;-18.81;-22.13;2.94;81.88;12.71;6.51;0.87;3.94;38.70
TAMEX;-3.85;8.70;25.00;2.04;25.00;-92.31;5.45;0.54;3.13;9.73
TARCZYNSKI;1.88;-12.68;-17.88;-29.64;-13.22;-;12.08;0.97;3.42;112.51
TATRY;-5.95;-5.95;-9.20;-14.59;-59.20;-;80.23;5.22;29.09;529.87
TAURONPE;-1.76;-10.38;-1.18;18.72;18.16;-12.87;7.69;0.49;2.50;8780.27
TAXNET;-1.10;18.42;30.43;-13.46;-13.46;-60.70;5.48;0.74;3.04;3.47
TELESTR;-13.70;-2.48;28.81;0.88;-34.67;-0.87;16.09;3.86;10.56;41.87
TELIANI;2.38;-10.42;-4.44;-12.24;13.16;-72.26;13.51;3.25;9.65;2.46
TELL;-0.19;-2.85;-8.40;-10.72;27.16;1.34;5.96;0.92;3.85;51.11
TERESA;2.56;-8.13;11.43;17.82;20.18;-8.34;13.15;2.13;8.12;37.57
TERMOEXP;11.39;40.63;-2.17;36.36;136.84;-;15.66;2.19;5.23;3.18
TERMOREX;-0.23;-3.95;-9.13;-44.91;-45.93;-;-356.03;43.15;-3769.54;493.81
TERRA;59.57;97.37;25.00;50.00;33.93;-55.09;9.25;0.70;5.73;1.10
TESGAS;-1.34;-9.07;-9.45;11.36;47.99;-61.18;14.14;0.61;11.68;49.03
TFONE;9.67;9.04;35.32;30.34;103.23;38.97;11.10;0.60;4.14;47.45
TOYA;-0.42;-0.42;-0.62;-7.72;64.26;-;14.33;2.83;10.37;359.67
TPILKA;-4.55;16.67;31.25;-30.00;-12.50;-;201.29;0.72;117.03;5.03
TRAKCJA;3.96;-3.67;-20.45;-16.67;98.11;-62.23;8.01;0.69;4.86;431.76
TRANSPOL;8.33;4.00;-13.86;-20.00;53.76;-21.64;9.55;1.75;4.83;36.37
TRAVELPL;1.16;-0.68;-4.19;2.84;103.27;-69.83;-7.31;4.77;26.83;16.83
TRICEPS;-5.71;8.20;34.69;-54.48;-54.48;-;59.15;2.39;23.66;1.18
TRIGONPP;0.11;0.31;-;-;-;-;59.15;2.39;23.66;1.18
TRITON;4.23;-1.33;0.00;1.37;-19.57;-80.63;-2.10;0.17;-4.44;18.08
UBOATLINE;-4.94;-10.47;-24.21;-39.84;-44.60;-;11.19;2.41;8.89;25.36
UCRDXAOPEN;11.87;11.87;11.87;-16.35;-8.00;-30.76;11.19;2.41;8.89;25.36
UNIBEP;-5.61;-1.73;-3.65;-4.02;4.96;19.74;18.45;1.35;7.40;251.61
UNIMA;-3.25;-2.55;15.52;-5.30;0.37;-36.79;-6.95;0.49;12.51;7.33
UNIMOTGAZ;-8.37;30.03;234.95;238.24;476.60;-;49.06;4.29;27.29;62.79
UNISYS1AB;-0.78;3.37;-3.86;-7.91;18.02;-;49.06;4.29;27.29;62.79
UNITED;-16.67;-28.57;-41.18;-94.35;-66.67;-;86.01;0.58;167.43;12.56
URSUS;0.42;2.16;-7.78;-12.87;-2.47;119.44;-3.25;1.05;-5.47;61.52
VAKOMTEK;5.00;5.00;-5.97;-;-;-;9.44;1.92;6.51;10.08
VANTAGE;-3.95;-5.81;-0.68;-5.81;32.13;-;37.32;0.55;38.76;173.58
VARIANT;2.94;-3.67;-17.65;-30.23;0.00;-41.01;1.79;0.30;1.21;11.96
VCP;6.06;-10.26;6.06;-28.57;-18.60;-89.74;-13.72;-17.74;-15.59;1.03
VENITI;-1.54;25.10;-18.83;-20.25;-28.95;-;17.80;3.55;13.23;3.56
VENO;5.04;8.70;30.21;98.41;104.92;-85.96;-1.32;0.44;-50.35;7.72
VENTUREIN;-6.54;1.01;13.64;16.28;150.00;44.93;10.57;1.37;-25.87;2.39
VERBICOM;-3.81;14.77;55.38;104.04;192.75;215.63;19.57;2.52;13.17;16.05
VIATRON;-9.36;1.00;-19.66;-21.44;-;-;2.78;25.96;1.43;7.89
VIDIS;-15.11;24.03;59.17;27.33;11.05;-28.20;38.54;0.89;5.57;6.78
VINDEXUS;-9.22;-19.62;-22.96;1.76;21.52;-30.90;6.01;0.52;4.00;55.29
VISTAL;0.87;-10.71;-14.99;0.65;-;-;9.52;1.29;5.66;193.97
VISTULA;1.79;-2.84;4.27;-5.00;67.65;17.12;6.67;0.73;6.69;300.78
VIVID;15.35;-26.75;-31.06;2.81;337.31;-;86.67;12.49;66.22;71.85
VOTUM;-1.16;-1.31;10.03;19.09;67.08;135.29;15.93;4.42;11.62;81.60
WADEX;-1.35;-20.96;-22.90;-51.07;-39.23;-29.34;14.68;1.45;8.47;21.83
WAKEPARK;-5.88;-40.74;-5.88;23.08;-23.81;-;-5.60;1.59;-7.03;0.60
WANDALEX;1.57;-3.28;6.23;12.50;176.92;24.62;10.57;0.80;2.39;29.97
WASKO;-2.45;-3.40;-8.72;-16.74;-11.16;-30.18;24.94;0.97;5.59;184.20
WAWEL;0.10;-5.49;-21.91;-19.66;8.14;109.71;17.52;3.58;12.87;1438.27
WBAY;-50.50;-50.50;-50.50;-50.50;-67.00;-95.49;-0.36;0.06;-0.46;0.63
WDBBU;2.33;22.80;31.76;73.45;203.96;468.52;28.99;9.27;21.94;51.80
WEEDO;-4.17;-25.81;-42.50;35.29;-66.67;-;-3.11;-3.27;-3.63;1.09
WESTREAL;-20.00;-25.58;-2.04;3.23;57.38;-68.00;15.51;0.67;10.12;11.40
WIERZYCL;7.14;9.09;15.38;25.00;11.11;-52.76;7.73;0.42;3.55;4.44
WIG;0.45;-3.06;-0.38;0.77;11.02;7.39;7.73;0.42;3.55;274421.78
WIG20;0.92;-2.78;-1.64;0.74;4.07;-12.87;7.73;0.42;3.55;184676.44
WIG20lev;1.80;-5.77;-4.15;-1.03;2.62;-39.88;7.73;0.42;3.55;-
WIG20short;-0.83;3.20;2.67;0.49;-2.04;25.66;7.73;0.42;3.55;-
WIG20TR;0.92;-2.25;0.31;2.74;9.44;2.59;7.73;0.42;3.55;184676.44
WIG250;-1.73;-6.83;-9.36;-;-;-;7.73;0.42;3.55;21393.15
WIG30;0.91;-2.89;-0.67;2.16;5.80;-;7.73;0.42;3.55;197264.96
WIG30lev;1.77;-5.98;-2.22;1.81;-;-;7.73;0.42;3.55;-
WIG30short;-0.81;3.32;1.69;-0.88;-;-;7.73;0.42;3.55;-
WIG30TR;0.91;-2.28;1.34;4.24;8.73;-;7.73;0.42;3.55;197264.96
WIG50;-1.49;-6.27;-5.41;-;-;-;7.73;0.42;3.55;38625.22
WIG-BANKI;1.24;-2.81;-4.87;0.22;18.86;21.25;7.73;0.42;3.55;80600.87
WIG-BUDOW;-0.52;-5.42;-10.66;-12.20;10.31;-52.21;7.73;0.42;3.55;3158.79
WIG-CEE;0.55;-1.93;3.18;-7.22;-15.16;-31.36;7.73;0.42;3.55;6113.35
WIG-CHEMIA;3.15;-0.45;14.06;11.34;13.44;64.26;7.73;0.42;3.55;7181.59
WIG-DEWEL;-1.60;-8.47;-2.39;-5.04;-4.84;-34.75;7.73;0.42;3.55;6331.54
WIGdiv;0.31;-3.09;0.07;2.12;13.01;8.45;7.73;0.42;3.55;67955.01
WIG-ENERG;-0.41;-6.14;3.72;21.05;32.58;-1.95;7.73;0.42;3.55;32035.30
WIG-INFO;-0.41;-5.85;-4.81;-8.96;-0.82;-1.82;7.73;0.42;3.55;6366.89
WIG-MEDIA;1.20;-1.67;-0.13;5.37;12.79;10.38;7.73;0.42;3.55;7803.46
WIG-PALIWA;1.76;1.47;6.76;3.56;-10.72;-3.25;7.73;0.42;3.55;24710.12
WIG-Poland;0.48;-2.96;-0.25;1.40;12.16;11.47;7.73;0.42;3.55;262311.60
WIG-SPOZYW;-2.35;-6.79;-4.07;-22.60;-24.28;-39.91;7.73;0.42;3.55;4169.60
WIG-SUROWC;0.22;1.70;10.03;6.92;7.66;-22.48;7.73;0.42;3.55;23466.51
WIG-TELKOM;-0.19;-0.92;-0.30;1.31;23.94;-24.95;7.73;0.42;3.55;8613.26
WIG-Ukrain;-5.76;-10.16;-0.12;-33.68;-41.54;-63.59;7.73;0.42;3.55;1262.84
WIKANA;1.82;1.82;5.66;19.15;69.70;-50.00;76.03;0.99;8.67;93.89
WILBO;5.63;-5.06;-8.54;-10.71;78.57;-55.09;-26.80;3.05;8.62;12.17
WINDMOBIL;-0.12;-0.24;1.58;-0.59;39.43;-;23.34;5.71;15.52;90.69
WINVEST;5.59;-2.30;-3.41;-11.46;15.96;-63.47;13.03;0.82;12.50;186.26
WISTIL;8.66;-5.73;-13.27;39.11;58.05;-;4.25;0.55;1.76;47.70
WOJAS;0.48;-2.46;4.25;24.66;77.07;58.56;10.48;1.67;6.39;104.58
YAWAL;-4.92;-11.78;-13.19;-7.70;4.17;1.53;-15.84;0.22;2.09;31.11
YOURIMAGE;16.67;27.27;7.69;0.00;-61.11;-;-1.36;1.78;-1.43;0.63
YURECO;6.92;21.43;25.00;61.90;37.10;-;16.85;3.15;5.51;10.75
ZAMET;-2.45;-2.67;-11.52;-14.95;20.00;-;13.83;3.58;9.96;414.09
ZASTAL;-0.69;-6.54;-12.80;-15.38;-18.29;-28.86;4.62;0.35;-24.94;43.61
ZEPAK;-0.11;-1.84;15.53;7.01;5.16;-;6.26;0.36;1.90;1357.88
ZPUE;-2.63;2.78;-7.73;-9.04;9.41;155.60;12.94;2.10;8.42;539.00
ZREMB;6.29;-2.31;-8.65;-17.56;-11.05;-36.23;12.57;0.62;4.04;15.26
ZUE;-2.35;-12.22;-19.22;-18.64;35.51;-25.47;23.79;0.91;12.04;174.80
ZWG;6.61;3.73;-29.87;-40.48;14.68;-;12.02;5.60;9.40;139.00
ZYWIEC;0.41;-2.32;-7.54;-11.10;-5.70;-24.51;15.51;14.02;8.75;3867.67
